id,group
CVREENSWORLD,0
cherrman_8081,0
doidge_jessica,0
Jirving1101,0
larabet1,0
j_bugden82,0
JSOLLLLL,0
LiamShi3,0
dogfaceray,0
roshnikej,0
MisssKellly13,0
SHANTIGOPAL01,0
uwasmyhero,0
AnubhavBhatia99,0
Soulfulthinkin1,0
koophoriaa_613,0
SaiSangha,0
LittleSgtPepper,0
Frank64365557,0
Carmelabrownie,0
Sayanta64414275,0
Waddell4J,0
cix_vk,0
SomanathSneha,0
anujaja,0
ariojosdemiel,0
tomcowlitz,0
Dee7291983,0
NeoVonAxiom,0
DhaifJassim,0
Sanjeev77886883,0
MCHeamMusic,0
mehtiskay,0
nuts_cracks,0
BurmeeM,0
vuyelwa_duruwe,0
jccage,0
louisemay1976,0
Philip76277744,0
MoJo_Sid,0
Eshwarchandrapr,0
jiangttttting,0
choppybaba,0
Titoooo89,0
imsubhoghosh,0
skittlesj21,0
MemphisMo85,0
utsav_sha,0
JohnnySpurs1882,0
Oldginner,0
Aashin_A_Shah,0
meowrika,0
denaea10,0
HariKGayatri,0
prabhjeet_s,0
mikeyplewis,0
Alysone33580046,0
_kayyluv,0
saifxion,0
LadderLeaper,0
BiteSizeOreos,0
mariant23549071,0
AAjitabh,0
nerdynoodle,0
davejr555,0
kevin_ferrell44,0
SBrotendo,0
Tina29206317,0
RedYo_,0
xpapox,0
LuBatchelder,0
Captin_Wong,0
hfry37,0
fly2ohare,0
VenkatR88384411,0
AdesuaOkosuns,0
Hayat225836,0
a_01212,0
MrGerbik3000,0
woah_nessa,0
MY0U1SANA,0
kalebrity,0
akshat310,0
DionneStallwor1,0
Queenalysaj,0
gregory_finney,0
erinepritchard,0
nathitab,0
ameerah_imam,0
NicolaBrookes14,0
Jazminzm75,0
Rahul22265348,0
totallyyeswow,0
heta_04,0
JabStrategy,0
LilTyTySOS,0
yspedro,0
tomcauser41,0
travelsofalan,0
baldgalnaj,0
ViperXpyro,0
abdullahmans2,0
astidog99,0
IsaacPiero2,0
Jav247Jav,0
EnidMelendez20,0
ManasSinha45,0
generic_dreams,0
Jadeo_22,0
TheCarlaMarieee,0
pil_sha,0
prettyqueerae,0
fedslana,0
utoepeea,0
Crowned_Jerr,0
MapleSyurpDon,0
StormtideG,0
prstudx1,0
ryanjacob_,0
NehaJyotiPrasad,0
KUMARSATYAM007,0
Qamar77966510,0
Hovhann30359211,0
entohypen,0
angred67,0
ThatTiredOne14,0
KK66650581,0
Uber_SL,0
beckybabyxxxo,0
SumoMan_Ali,0
charm_royale,0
judy42104,0
N3RKYPLAYS,0
Crumpdizle,0
SKECHERSUSA,0
manon_jasu,0
baileysmusical,0
skolliepops,0
JohnTartaglia,0
nathanjessep87,0
DimitriLyon,0
2019Express,0
kaymarie_xxx,0
Sabrina96353027,0
sajida95,0
Jessica92805585,0
travofoz,0
Emmonspired,0
Kwamelincoln,0
JoshSte77366681,0
PrinceINferno,0
kasrticsharma,0
bingjiang99,0
AshleyD28356346,0
KavuriKavya,0
AndrewBCole,0
stephan05209889,0
SparkzKay,0
nomorefreekey,0
Lilly_jo_Cullen,0
aviancp,0
ShanaLondon1,0
JeanSbastienLv1,0
munza14,0
FionaPWME,0
brittuhnee_,0
Mnasirbuttt,0
rahulvj420,0
crystalyeoman__,0
salmantamboli07,0
Wonder_Nate,0
tallulahlucy,0
syafiqahsanusii,0
AdrianMatache7,0
SantosDuque954,0
Shauryayawhaaat,0
jxsleensandhuu,0
Leounbox,0
ShannaBrandt,0
MsaniLungani,0
SreyasiSarkar8,0
MrMacColl,0
roudettej,0
suboth13,0
sashaflck,0
vacationsbypam,0
aewc21,0
SarahBoughton9,0
mellenns,0
colibobs86,0
TonyDSpeaks,0
Manisha844,0
cha_janette,0
sunil19sandy,0
anweshaitis,0
shail143143,0
shradha24,0
Vishal48979155,0
DevasenaBalasu2,0
kreativ_enigma,0
Jasim_ANJ,0
KP23899,0
badkokonut,0
BrookeAshleyP,0
vick42031,0
truongasm,0
seadoo72,0
M00NxBEAST,0
Kylie91974619,0
itskatnotkathy,0
aef819ec79314be,0
SandraMenottis,0
beebs_da_ish,0
Arsh_Dhaliwal94,0
LyndseyForsyth,0
thatgirltyp,0
Walkindeath1,0
Rishsahab,0
holybieber20,0
ancailliau,0
sngitau,0
twospottedogs,0
FlosssMeUp,0
AEronStrife2,0
Uber_Canada,0
103sanaiqbal,0
kpswathi,0
NNuwomi,0
NikolasBro,0
ladyolay,0
twikh3,0
Amanda1302,0
ucbbenet,0
hundhurr,0
PushkarTweeting,0
porterjr1213,0
MacsJamTracks,0
m198698502812,0
vipindutt27,0
brianneg78,0
kaustavguha786,0
AlwynFJH,0
hshiau,0
fumeblanc83,0
IamMars96,0
nar_raghuram,0
ray_donley,0
Hema52354178,0
riyakumar2001,0
kioken,0
RoushanMohammed,0
nights_sparkle,0
ShyamSh52031114,0
PrashantBanerj8,0
Mostafa75493604,0
samuelecannill1,0
limerickblog,0
masitofrimpong1,0
Gr8LakerT,0
CamelSince95,0
_Desura,0
jennyhall3008,0
V3ronzo,0
amanda4alf,0
tazbaalz,0
AndiPim,0
TheoPaphitis,0
labotomie,0
Taylorlzper1234,0
BloombergTV,0
justinthomas504,0
ShyamSh94109911,0
ashleyaustinn,0
Harpree95928765,0
capitalcalculus,0
Akshat56465511,0
iamrebelmade,0
roger_lokole,0
shoaibkakar,0
IntegratedPaper,0
babbyyycheeks,0
agreenriver07,0
nct833,0
eliene63308735,0
smeyerpasco,0
MahmoudSoulim14,0
clipsyDinesh,0
KalhanRan,0
walewoot,0
ZaidAmir7,0
AmyMaaays,0
craqueheadken,0
tired8778,0
fi_saunders,0
KClarksonGaming,0
DudeDavidTruong,0
Whyvoni,0
oompa1974,0
syed25979847,0
DallyceCole,0
Sudarsh34056641,0
nom_nomaste,0
Krishvarun90,0
hegemonprime,0
pablo3479,0
RobertH63447425,0
raccoonsweater,0
GCreedTV,0
IamBenEvans,0
badbillyx,0
MattGreen914,0
vrmkalluri,0
jonas45789,0
gabbymiernik,0
prazuch_james,0
TumpaleKalinga,0
bangtaniebreads,0
Angelic_XT,0
MrCheezal_Lando,0
crissyy_a,0
lv2u,0
s22szn,0
lxdavis9lxd,0
Frigment,0
PizzaNova,0
heyhunley,0
red65reader,0
Shahisharan1,0
IStrain99,0
CortezW63318292,0
AnnaBrickstock,0
NatashaCadieux1,0
arunkhatri87,0
peremesd,0
wfs8000,0
NickisKnight_,0
Darin32318078,0
darshipatel188,0
ellyytkkk,0
SarahMShortcake,0
SharonCunning17,0
KoalinhoYolohei,0
BetaSpirit_Sam,0
MachinJames,0
imprincejerry,0
michellebeth05,0
Pierre00113534,0
DrunkenMrNick,0
NareshT98483726,0
Uber_ARG,0
beuria_akash,0
Vanshaj_Verma_,0
BarryToTheB,0
pelikanhead,0
the_Sagrawal,0
_michvv,0
Doom_FGC,0
abelnine,0
anshuljojo,0
SucksEats,0
JorgeCorrales,0
HairArt2021,0
alberteje66,0
SlavetoUber,0
iamalitahir,0
KirklandFahey21,0
kookiecomforts,0
JillGillies1,0
VIGILINDIAN1,0
JeremyCushman,0
GregSully4,0
SamratDutta1307,0
redherring23,0
abhijeet__sonar,0
Chris44285968,0
ParseTheSalt,0
Sw4ggar0ni,0
RisDelhi,0
bill75787972,0
samim22194507,0
andrew_grossett,0
ohsnap_itsron,0
hirunews,0
talinkpink,0
YuShi07647154,0
lettucelucette,0
dee67948865,0
JackRonan,0
AsadKha20478006,0
olawumiekiti,0
iDeivis,0
AH46964879,0
dreaxlu,0
WithLoveEmilyM,0
lindsay497,0
KikkawaRyu,0
Vivian_9627,0
GulBukhari,0
CulturallyLux,0
badwords_,0
beckynd97,0
berrydelicious,0
aiZfesoY,0
ronyrajputsingh,0
haydenfusco,0
KSharifan,0
Etechknowledge1,0
dakeryus,0
Pamma430,0
malapane_peter,0
amreed8,0
acwisonnov,0
Jmccap420,0
Crystal28067697,0
subuanant,0
IsaacFe40404222,0
SauceStocks,0
vicky_lou11,0
EGPharoh,0
Eddienu43283041,0
AshIeyysuxx,0
aloha2126,0
waseem33,0
sandropace,0
Franciscereyah1,0
sagarsoni144,0
John61705706,0
brilliantbrya,0
Atrasalus,0
ydvamp,0
LDNtoBrighton,0
TheRealChaotix,0
greenfreeman12,0
NicholeKrish,0
Celewoodm,0
workingmommylah,0
BorderAlice20,0
iamfoundinhim,0
robertaur,0
santosh59031968,0
MikeAll00411088,0
Yolo90069420,0
babar1i3,0
RJdaboy,0
mackenziewayne,0
_abhishek_T7,0
DannyPa19894831,0
tboyisyours,0
getfitwithgiddy,0
Lbabyrouth,0
dyzzzo,0
TheZain_Kapadia,0
cathy_bufano,0
SaikatG05638773,0
Bala53181477,0
RakeshSheth15,0
ChrisCr19616081,0
romeshsharma007,0
SecretoDeAmorS2,0
UberEat,0
fnemecek,0
Michael05914091,0
AcreUK,0
keepstrugglin_,0
Tanveer83390443,0
loofis,0
cmflem,0
SundarrajNagar1,0
N0rth3rn_Monk3y,0
kisssmyjass,0
alanwhite12332,0
5t0Ba6QDN1yqeUv,0
SwatiSr78281405,0
avinashdas,0
Lovepreet_1990,0
Punkofliberty,0
searlis11,0
CaonaboT,0
carolinegodess,0
therobinboynton,0
digitalclocktik,0
yanq123,0
cmorton1234,0
ankitbansal171,0
raymondkeen,0
AshishPrakash91,0
lbc24344828,0
baabu2,0
thisisbenr,0
KayDizzle_01,0
becauseufollow,0
panzarella_bob,0
DJRiddle27,0
BiscuitsJohn,0
JakeHatfield48,0
jatinbkumar,0
JamesHaycraft1,0
NArmstr61442447,0
Junut1999,0
RubenAc90684840,0
AmeboGuru,0
EmmaBettyHughes,0
ReddyRavikanthh,0
rumandritalin,0
jstocks21,0
Jackieg414,0
Lynnelitterpick,0
BillyeBrim,0
sasha_tyndale,0
ChakareTina,0
miacat0806,0
AlexisS26424590,0
wslvr,0
kookillusions,0
Scherah_,0
MdUddin01689974,0
mikekingkong3,0
SumRandoHeather,0
simplysahaan,0
mariagizzi,0
AnilKwatra6,0
eater_van,0
Journey16476038,0
theetigerbae,0
jeff_deeney,0
KristinaMiernik,0
Rachel25558900,0
DeniseB28480321,0
DemanteMichaels,0
AshAjaz,0
lesliedharris,0
Honest_FUT,0
Fay60994725,0
ellaafitzz,0
aampress,0
Uber_Qatar,0
glamoreskins,0
YaniClovers,0
Imsr1dhar,0
tyrakeshae,0
YogeshKanaujia1,0
AngelaHain4,0
fryyybaby,0
qadiir__,0
Michael92552165,0
ShadanEqubal1,0
KLBretherton,0
MarioRiccardi10,0
joseph_akilah,0
2376d31290e44e6,0
ArvindK05789268,0
lmalia984,0
TheHappenstanc3,0
mrchow90278101,0
proper_muslimah,0
CEILedwithakiss,0
Jokerstars_CEO,0
singhja99978667,0
Jade28603783,0
devianadt_,0
EBNYVIXXXEN,0
Tahakha37575478,0
MrJohn_B,0
biancatburke,0
sorb71,0
Anthony20170608,0
albion585,0
shahidH63278654,0
monskickz,0
acidrub,0
_ColourMeBadd,0
realgeminusbdm,0
BiteMe_Yannie,0
em_robin_16,0
Uber_Australia,0
anurag_smishra,0
antonywambua0,0
luksibilia,0
tanith_f,0
SuperJaackk,0
ChainhoRenato,0
damnprincess,0
JlPPS,0
TheeeStyleBitch,0
AkshayC10710555,0
maiwega,0
RyanSmith1325,0
P29418341,0
gangstah_minnie,0
truemeathead,0
ChargerGamer,0
JamesBerdd,0
jacbgla,0
MarAus10,0
HeadDevil3,0
Abrar61099205,0
TheeBarberDoc,0
MFazlkhoda,0
Malik84438010,0
djhaardy,0
zaheea01,0
ColtonAlquist,0
terrikonny,0
theatregrl1216,0
Benmcf123,0
amingopalani,0
RayRay54479836,0
Jared47441146,0
Neldo29631666,0
AmairRiama1,0
UdaySripathi,0
CoryLeSaicherre,0
kamran_kc,0
DeepakDua7392,0
vicky_kamboj13,0
jennp0412,0
VersatileMe17,0
VonRaven1852,0
a05936920,0
ashiqueikbal,0
xMsxDx,0
amrish1304,0
agsmerch,0
mikaela88841091,0
joshhicks1,0
DEBAPRIYA1988,0
djoptico,0
LauraVannoy,0
haque_zeeshan,0
HONEYEDYOUNGJAE,0
TraceyS80015035,0
happyblisslife,0
ArpitMa28509962,0
jon_kraushar,0
RochAntley,0
luiskd,0
SajeshSreejayan,0
sharadjag,0
Coreysawyer16,0
bayyu4u,0
DiogoMa18726787,0
Salihahnebbitt4,0
manindraagrawal,0
StoreLush,0
jessedsz,0
rohit_singh1409,0
phlsfo,0
SadCustomers,0
aaydouble,0
GL0_Lotta,0
kyle09310837,0
JuanCastanedaJr,0
BTSchefArmy,0
pintukumarpal2,0
OscarLo31708097,0
Xolani81322081,0
Aloysius3666,0
ameen_30,0
PhilOProduction,0
sadskyehour,0
AlNaiwan,0
GUCCIJlMIN,0
ItsUnico_,0
SerenaLocatelli,0
sethbessey,0
Christy52688128,0
eyeslaser991,0
ideepsharma2,0
kanas171,0
Professor_551,0
mkuplens,0
KeshiaDeSousa,0
AhmedEl68990094,0
roeravid,0
KG16417802,0
KeiraFoSho,0
hawa06649825,0
farriyasir,0
AwakeandTryinMT,0
PerthLuxe,0
xosaveyourtears,0
chailaiktyj,0
elo0423,0
lysseden,0
CryptidFenic,0
EmperorParsy198,0
Saheem_Khizar,0
jxmwaba,0
ShellyK69634127,0
StepinCafe13,0
harman973,0
JoshuaL15785699,0
ArtemLux_,0
brandimb14,0
Jtwites1,0
ratan_parmar,0
lmariewebster,0
KKDhaliwal,0
Lucky00890359,0
kelona_renee,0
lissaclaire0,0
aidanbell0,0
E_Dygert87,0
sundussbarry,0
neslugo1927,0
AdamCadot,0
Kortney96526853,0
Kalimat15199793,0
Sindirella_101,0
MassAGO,0
leeukksa,0
AhmedSa07071043,0
akj_1981,0
DGuaderrama,0
giothecolombian,0
mercerch,0
abhiikaushikk,0
DavidBardsley12,0
SarahGowrie,0
DarrellBouldin,0
Railajunior,0
thedefendorf,0
jamesmicheallec,0
Twin98111674,0
AshleyB85439974,0
Uber_India,0
pratibhajain10,0
TicaTica918,0
helenhangs,0
dodiesue,0
Sabby_____,0
abdulla74059465,0
Starbucks,0
AZCloutGodz,0
natipong_w,0
Mohamed24241941,0
DavidPe74413408,0
finest_fantasy,0
gambrellio_,0
1975aregr8t,0
jbandin78,0
stephelenee,0
DestinyWeldon5,0
sarahwarhol19,0
Bongani81861957,0
Imran28783848,0
Kid_Churro,0
IvonTreuberg29,0
latigocoffee,0
Doctor_Witt,0
Boparai99,0
wordofbrandon,0
Harshang26,0
TipsyMayhem,0
theDonald_Grump,0
BH80121,0
rhythmnation,0
AbasNasiro,0
mjarvis83,0
Owl25853962,0
ishti726,0
Atef48016109,0
GalaJenisha,0
chandnatanvi2,0
lips_vincent,0
LucaRenzi16,0
masontherusso,0
VimbeVincent,0
ibsdadon1602,0
ghuman_baljeet,0
Pinky63967525,0
skaijackson,0
llamakavi,0
ConorFerguson18,0
dinesh_gosar,0
parachute_girl,0
Madamme_Butt,0
KaylaVallim,0
___toad,0
edaydogan1,0
jonitanesa,0
ItzS03,0
subhankar012,0
Teakdragon,0
witchywoman2009,0
MandiSchu84,0
vinzkarl,0
arab2xxx,0
bozychristian,0
PriyeshPriyada6,0
taelentaed,0
_trktkz,0
Jordan13Coops,0
n0tynicole,0
SpeakFearless23,0
prettyybynature,0
UberIndia,0
Ryliev41,0
M4ECU,0
iambarid,0
Shailendersharm,0
SaxSofon1ero,0
JamesPLogue,0
lucho_walker,0
CapeVgirl,0
fstours99,0
Sherise56709301,0
SudipLimbu_,0
KLucasMillbrook,0
abygaylenorris,0
ernestocontrer,0
RyanMpatrick01,0
mathewtisdale,0
Avvito2,0
Katiroseox,0
probablyaparent,0
sn1pes130,0
friskuuuuu,0
MsDoriya,0
AuguruVijay,0
s3cr3tag3nt,0
Stephen79644691,0
La_china303,0
TheOtherDan,0
tinkerslass,0
Jorgen78887838,0
kyle_knapman,0
taekoo_lvr,0
Im_Karrma,0
jcrosby82,0
mfin02,0
raghav_singla,0
DeepakK38688509,0
crathob,0
WolfysLife,0
james121310,0
3ebfandan,0
BarbiesGotAGun,0
censorsaredumb,0
SuckMyDizzNic,0
simonwilsonza,0
AfricanArbAssoc,0
jiannyuhw,0
DopeMoneyGoals,0
rishavjalan26,0
Deekshikoppa,0
maze_jamil,0
ZForZaraThustra,0
UrRainness,0
Laguna_Corgi,0
Neerajneer91,0
parmasean1,0
Shreyash8696,0
AmanBaheti9,0
MayankNehra18,0
drbaanga,0
whatshisfacerap,0
AbluntIndian,0
smashleycou,0
uber_is_a_scam,0
merenda83,0
meylinali,0
uber_kenya,0
BradyKi32495771,0
Benjiwopp,0
RNegi1984,0
Iemonsweets,0
ImNotAGlitchGO,0
travisFTN,0
KollarKollars,0
laveena_mordani,0
ConnorRupertHS,0
ShivakumarHN3,0
TheeOnlyHippo,0
RandyScorpio,0
Zirachukwu,0
Hkswala,0
topoftheprops3,0
Userfriendly01,0
lavieengabi,0
KillaTart,0
SAKRAMBANOTH2,0
1BirdyTheMighty,0
Quintin77805467,0
MUxtoe01,0
DonaldMaulidi,0
AAKASHBHARATI3,0
rawatpankaj,0
LeoSilvagni,0
swagdonnyj,0
AFALAMBULBUL1,0
aston_carr,0
TokTicker,0
VisCool628,0
transferwise,0
jaredfowler19,0
Eric2254108708,0
7mmd2,0
longers1,0
incredibleirian,0
herpaderping,0
deepak_s_2000,0
Tav_Lo,0
chrisdolmannn,0
autisticmommaxo,0
DanA74394105,0
RegularReh,0
NadiaZammal,0
swaranjitkohli,0
sunoftheeson,0
Nishant63758708,0
JyotsnaShelley,0
sAyAn801,0
Anshika46599715,0
dan592,0
YepWBK,0
frankyfilm,0
DakotaEldridge_,0
ThienNa75110517,0
vjhunjhunwala,0
JennaStern,0
Chandra36083774,0
Bonnie23644652,0
MiaLossen,0
Jessw1303,0
SMom4life,0
sibcat_lj,0
FGuyott,0
jagograhakjago,0
zeeshan90995897,0
Christy00216303,0
Alexand78748016,0
suziebasak,0
MrBeastBurger,0
OSulli24,0
artofmello,0
Manoj_kat,0
az,0
Serena77614749,0
bluedev31506971,0
costrowski,0
Jst_Abhik,0
mg29th1,0
rina_isms,0
snwflwrtete,0
vellamalcolm,0
Srikant94844203,0
Uber_Kolkata,0
marchesi21,0
JAIPALS98940348,0
thatiskesh,0
AndreiiaSilva,0
Matthew68084878,0
MakerRuler,0
AguileraJoseph,0
jefford_chris,0
JerryAltschul,0
AdwMacs,0
ParkKatie13,0
Iam_bahuguna,0
krisxmurray,0
Purnend69712279,0
DrinkLiftGamble,0
TraWard_2,0
Muhamma78055271,0
Semi_Mod_Dulla,0
MarraBob,0
Muskannarula10,0
ihiogu,0
jazadele123,0
flaxseedmilk,0
TheJaggi,0
simonleslie21,0
TRGoodwin,0
savage_star37,0
Cindypeach0,0
ElshanChalabi,0
anniesmith5992,0
Joycelyn_,0
HarveyWoofDog,0
SkygirlChellie,0
mo55tar,0
BJONX3,0
vitatoe_jamon,0
EzioKush,0
pramodjadhav99,0
Purplenugget84,0
CameronVanWyk,0
Ishieta,0
Emma89103139,0
RafaPimentelMX,0
KateKatemedia,0
Abhishektornedo,0
Thomchow,0
radelster,0
Aoknight,0
ehab563UTD,0
Iamherod,0
z79ii,0
auntiekerry,0
9lru7hu7Kb30xG4,0
MichaelMurray07,0
lindshopewalsh,0
Morning_Natalie,0
GeoZaroff,0
betzyyaniree,0
bluedonkey,0
cameronmonaghan,0
EMichaelBall,0
RUBEN_EVANNS,0
whatthehank,0
HallowKaz,0
iMoTefa,0
Goddess_5678,0
travvy1212,0
agentpeterg,0
heidi_skinner18,0
prateekgoel09,0
GuyFieri,0
Godspeed_Dev,0
KGrosenbach,0
AsharRahul,0
Lori_R94,0
giovannamae_,0
Zingabails,0
RandeeSchmidt3,0
CoolCareless,0
GardeGar,0
AllHailQueenRed,0
rizwan_tahir_,0
JRCullingworth,0
BabylonHoro,0
jeeveswilliams,0
Npenns,0
noamdolgin,0
UberNigeria,0
JusMe_Krissy,0
AsmenAnn,0
Insta_Deejay,0
vclay72,0
Stefann1979,0
OceansetEmma,0
LariaSaunders,0
syedaliasgharra,0
khoboref,0
kumalc_,0
TCook,0
marperosi,0
MicahFe66901882,0
Srimsngal,0
PramodDabholka5,0
saturnskin,0
EmmaD74,0
cgsombud,0
Deekshith_34,0
ImranAkaShah,0
Sebasti74658635,0
Shuhustle,0
sharondiva,0
MrWillieJones,0
Uber_Support,0
JWFumes,0
KevinHank777,0
Anshuma29437040,0
mka1964,0
Uber_KSA,0
Jn0kuy77,0
SurangaPieris,0
meghmala123,0
MelyMelsZ,0
izuduuu,0
MuktarJohar,0
drummerghera,0
ReallyBadAI,0
Craz3y_v2,0
UnCuTKally,0
VN05398132,0
macabretraveler,0
Saber4488,0
erictainment_,0
mspooh0215,0
ivipankumar,0
deepgurung94,0
Rocko14351264,0
prashantsani,0
_ItsVR,0
hezako,0
chis1__,0
TechnicalAIC,0
Rubyfied,0
Hamiidz2,0
Ashley94lovesu,0
AskLyft,0
IaMcoopeR_,0
KafinyaNatasha,0
kandakamag,0
SureshV00545957,0
Nitinvm1,0
onilanre365,0
Iamonlyjp,0
BANZAIB3N,0
AnupSha62696274,0
UthmanYussuff_O,0
jojoy000,0
JatinSh46345048,0
ashleymarieh,0
_McTim,0
__tharshan,0
CompBureau,0
faisal65535337,0
om_orowao,0
katie_paulison,0
UberUKsupport,0
Ola_tbronx,0
9988SARKAR,0
gabsmandelli,0
switzerconrad,0
Ocramnotgnirra,0
spideralex2099,0
Elizabe17085945,0
sohanv86,0
vanessa_rath,0
petragetsbitchy,0
sakhan92,0
KristinaLVA,0
Cali49659938,0
shreya_1710,0
PepsiiiColaaa,0
LouiseThomasD,0
mnhorvath1,0
deancasticls,0
Natetdot,0
Faahvitor18,0
kiransa30588255,0
bigsmile144,0
SikmaBj,0
andrewbcrumrine,0
apang_ttc,0
HaileyB04895324,0
sara_segundo,0
lizziek9977,0
divyanshu_nd,0
godfreykipper,0
theEagleBay,0
LuchadorLD,0
KatieChallinor,0
JacobPoirier20,0
TesModel3,0
muskwe81,0
jjksbell,0
MisterABall,0
khanmohdtayyab,0
sickchuck,0
MacheTatty,0
Mercedes__T,0
philcassen,0
PunithReddyN1,0
shreyarc,0
platinumdiva12,0
Kalogo_Mojalefa,0
Smit3930,0
EirikFrvikHanse,0
kth_dualityking,0
CMatthews55,0
NdiayeLomlaye,0
JayStirling9,0
valentina_beana,0
Bhlast__,0
Pascal__M,0
DawshaSaid,0
markralston78,0
4dpeople1,0
jhordandavidbo1,0
CanalRoer,0
aady22,0
shonaconceited,0
wakethehealthup,0
ashadeofdark,0
pdirubbo,0
___elise07,0
TamoghnaD,0
GeorgeBloem,0
RanaDut89215205,0
dajovajr,0
SueKahler1,0
CouchCarlee,0
KatrinaAmin2,0
niggato18349787,0
Akashde67220839,0
Uber_Perth,0
donewithhos,0
queenmillie71,0
kels04743179,0
abhinavsarkaar,0
ashhleydupuy,0
william53991583,0
WittyBitch,0
FeliciaChenai,0
Uber_QLD,0
dopff73,0
Pearledminds,0
maceyyjames,0
krisc334,0
NayakShubh,0
FiorellaGiordan,0
ifaransajid,0
desroshay,0
ThatLizardMan1,0
EvanBrownAuthor,0
fafdaholic,0
rajan10896,0
narendrajrajput,0
Brandon92224590,0
NewsCapGroup,0
bharadwaz_r,0
GetThoma,0
pmirjolkar,0
Scott21594236,0
RCRRED,0
oldkhann,0
choatNC,0
Racheljoyknight,0
lagatoprincess,0
madhukishwar,0
RyDeo,0
kthh0urs,0
DarreonsLife,0
Vivzzzk,0
GunjanSave,0
SakshiDhanuka6,0
Rafael_Trovato,0
SatishInnov8,0
llcoolmloo,0
DaRealMoMoney,0
Kirst3nF,0
rteja0812,0
beswick_donna,0
JMNZNSZN,0
NCC_COVID19,0
GlossNBlush,0
Dame10642770,0
taylr,0
deedoboys,0
triisham,0
hadesattrium,0
Vishakh91802628,0
Cthulhu_is_lord,0
JennKate23,0
Hannibal_Cons,0
who_is_mr,0
psuedoname,0
equitygod,0
mcdowell_pk,0
Brad_Sked,0
eggsofsatan,0
KyleMersola,0
afmoss10,0
Whitney72351908,0
BxPineda,0
hayruoli,0
DavidvanEcke,0
gambhirjoker,0
miz_kachii,0
WonderWheeled,0
jonoY65,0
BkChoudhary0707,0
Climeworks,0
matdel69,0
TheMAGASlayer,0
ravi3p431,0
Deliveroo,0
eptihalmuhie,0
carpitweets,0
eliyahcodex,0
TatedChirag,0
annehhoward,0
Erinnnn_e,0
Jack27946536,0
ginadarling__,0
killedmygf,0
MJ_Jafor,0
dgins79,0
swatisachdeva_,0
RobertMattar,0
ThatBookGlow1,0
savvygupta,0
AnilSonkamble13,0
sangthan_yuva,0
marxnchill,0
B3nRob3rts,0
Shellebelle945,0
21stEnglish,0
tombraider1985,0
FT_SriLanka,0
xPrettyPillsx,0
Tribal_Anarch,0
CoughlinWil,0
IAMDONIZI,0
JuliaAn18208043,0
abhaarun,0
s_ande,0
_rudeboy18,0
NitwKunal,0
SarcasticSharif,0
David50589345,0
SandeepGurram19,0
LorenzoColo1,0
octavia_kompi,0
new2stock,0
abhigoyal2708,0
ansi9980gmailc1,0
Menna52743306,0
PPVillafruela,0
dorothywang,0
BBoulba,0
MrWorst11,0
wyethhall2,0
Sihle47868395,0
LoneStarCanuck,0
medico201734,0
Molly76801879,0
suvibadra,0
KFCSA,0
joycemazumder,0
MaudeGeorgie,0
lostmothh,0
salem57662732,0
AbdulRa10911356,0
tehtech,0
Rob_Aris_,0
U3Development,0
rachelpedersen,0
NicholasSumne12,0
BuntySoumya,0
babyhiiippoo14,0
evynndavis,0
fayedicksonxo,0
jeremyking05,0
Olacabs,0
ALFARAZIALAM1,0
M7mdqh,0
After50Shadeso1,0
chakraborty_s2,0
Dale67300682,0
bombvivant,0
dkhos,0
dan72329106,0
Sayantinis,0
ArvindKejriwal,0
Graceiipie,0
IrfanBablo,0
kfc,0
rhollister57,0
Najeeb41538773,0
therealreezyf,0
Lokcoexist,0
benlee90,0
ahasan_sumon,0
huuhhh97281350,0
DeAngelo202,0
_hunterraffety,0
KharonStyx2020,0
ola_supports,0
piyushdehri,0
mary_jane_risch,0
daddypazuzu,0
BBBTriCounties,0
ERamsey10123939,0
tammy_grace2373,0
findsomebzness,0
jeebz_19,0
Saadi70701206,0
DaenerysHt,0
sssoheilaa,0
LukasTaulbee,0
mac_matz,0
DrJitin,0
love_master6899,0
AlexT,0
Gymtee,0
____matt,0
Cadillac,0
suryaviraj,0
hdiaz247,0
BrianNavy3,0
amitmalviya1984,0
Sameer_10001,0
Stephan38180557,0
CommonStatisti1,0
xtremetony,0
lordsarcastico,0
ZainZ24,0
EmilyLitman267,0
preetiraw,0
k_sovs,0
mylittlemochi5,0
TheArcticGay,0
khusnoor_khan,0
tmmenon,0
as7hokme,0
KevinSCullen,0
manekari,0
aIonelynight,0
HehrSandeep,0
TimHortons,0
ImAndreM,0
Thatoneeggyy,0
lilbbygrlxo,0
SarahAbu16,0
OsrykGaming,0
MarkFar89214893,0
Jamie66336228,0
AapKaGopalRai,0
AshWeez,0
Frankth43458291,0
rupi1416,0
aaronub4t,0
ssswirly,0
anneybells,0
jordsslouise,0
koebelmi,0
Gaby74871246,0
haleythefifth,0
BBOY1602,0
AjayPod27140319,0
Sluttypilgrim,0
TrakHouseMusic,0
jammy1_,0
safdiesheaven,0
Recklessjai124,0
lyft,0
tmp63,0
MeghaSahu1,0
StuartGullick1,0
LittleMsShipper,0
laxman_suri,0
MoegQxeen,0
Noahbout_it,0
bijoy_prasad,0
lisamp1986,0
cr_newyork,0
99Tahona,0
scribldthoughts,0
Kunu__69,0
daniel_lazzarii,0
Yommigold8,0
UberVirgDetroit,0
Aaliyaa1x,0
chaprucha,0
toledofernanda,0
Ms52843488,0
HorsemanBojack5,0
beware,0
miraculous017,0
bling__singh,0
Abhi_Banerjee12,0
soysaucebby,0
SSinha011,0
alldaybadmood,0
shirseendub,0
Henny57114351,0
shrutiijain,0
HenryLacey,0
JuansePeralbo,0
Npteggchaser,0
EmilinaLove,0
EAallstar,0
PenroseKirk,0
anarain,0
_starguise,0
ancapzoneofc,0
kenjhanson,0
StephenGMoss89,0
MyOwnBelief,0
krantikoganti,0
Cult_Angel,0
RishiGu42518565,0
JoeH66240566,0
Mujeebsyed123,0
I_said_Uhh,0
nakedshorts1,0
ABHISHEK1979MAY,0
Akin4u2luv,0
LascoLiyaya,0
JeffFriendly,0
Johnpi32,0
aleenastweets,0
saadnabs,0
jon5c,0
yunjin97637781,0
seenubanarsi,0
nisman498,0
MrViraj,0
KevinSix18,0
Raxwell_K,0
RaunitRon,0
ModupeOfficial,0
CraftsuneMiku,0
MsSaulsby,0
JackMiles86,0
Irving8223,0
raj_aich,0
JWangto,0
Uber_Pune,0
BintouSmalls,0
Surajjh13743676,0
SumitZSI18,0
UjjwalA32467565,0
Katlynn71,0
_lilwildine,0
Jaan_Afroz,0
sportsfan702,0
vj_vishalvj,0
elpiczek,0
Wokesanchez_12,0
manishjn07,0
SindhiSanjay,0
SmilingEyesMdia,0
SachidanandTri9,0
ubereats_uk,0
gurpal65222602,0
CO_Fimbulvetr,0
traciethoms,0
Aelarie1,0
cyclegigs,0
tmorrow2511,0
Chen65Pan,0
jim85bob,0
thread_this,0
basicbitch616,0
Anup4u1,0
KoteGabriela,0
MasalskiPawel,0
RonBoone11,0
vm_sandeep,0
issahendrixxx,0
Muntez_,0
TahiriSafouane,0
itsegc,0
Wstend1989,0
honbrepalitox,0
mrF3RDINAND,0
AaronHa99514664,0
SamStone89,0
AnujRaj01,0
HritusmanMedhi,0
jasmeen09871400,0
omars81,0
BELUVED777,0
NOTOxxyJ,0
CameronRainbow1,0
Umar_nr,0
ChelseaDSWalker,0
dpaperin,0
psstimbatman,0
YungWyattEarp,0
Vinaysh96437585,0
far_sighted07,0
Austin_Wegener,0
The_Luke_Wilson,0
AlexMbonga,0
SwapnilJohari,0
pelmeouchy,0
Sherri37876657,0
iamKona19,0
huzi1502,0
neelneil,0
avi_mukh,0
EmmaNug94888315,0
OduyelaSeyi,0
shalu_10,0
KadzombeRichman,0
AlabbasiRashed,0
HersphinxXBTS,0
stg_reigns,0
duelking13,0
fltrtae,0
Persimonka,0
RubyDas32,0
SteveCoppinger1,0
Rajnikantgiri6,0
xBreastMilkx,0
crhiled,0
saradianebrown,0
VxntiDr_gxn,0
HenryPe60162032,0
blt69420,0
Deep_2_Biswas,0
iamcalliegray,0
Jaya82S,0
IamMrSuri,0
ObisamiO,0
CliffVukosi,0
JubertDias,0
PoopySkittles,0
JPatashna,0
guanmingde,0
johnkduggan,0
TheMrsMatthews,0
SocialistBooks,0
ChickenLickenSA,0
dougiehd,0
stadtrucker,0
Tgee92,0
RiquelMaxime,0
gurnams63743358,0
immnmishra,0
DillonAndrewP,0
GgVerso,0
GeeEezi,0
GCBSTAR2020,0
sranders77,0
drewnelson3d,0
ToskyClaire,0
MorenaNzimande,0
WrittenByTerry,0
sharan_sherikar,0
jonnyboi98x,0
Deepthi59226703,0
cdmm420,0
dreamwithnikki,0
TheBaconToastie,0
TheEricaPolo,0
b_o_r_u_t_o_1,0
Rakshit17349779,0
WillWillion,0
MahurinHannah,0
Dooklyn,0
CeroLife,0
SkcSamrat,0
KunalCh16250487,0
lacegraidlaw,0
StarshimaT,0
aloleeeee,0
DWesterberg,0
Middle_5_Man,0
docbarrantes,0
richxrdso,0
tyagishubham25,0
Duhktape,0
Prosper87062197,0
gobluebeth,0
ItsVenus89,0
Ali_Sultan97,0
Garcia22Mariel,0
lechuzzles,0
OkwuyahNworji,0
esemee,0
KevinL94,0
Glaakso,0
simmons_ritchie,0
lisaaaa5674,0
me_Roushan,0
QNellieeee,0
walshjp,0
KelleyCabbana,0
TammyNO4,0
SillyStacey,0
Shanthosh1805,0
csneerajsharma7,0
ccroft78,0
SamanthaMedders,0
John_ExWife,0
johnwpimiento,0
Tasha_Shar,0
katriinems,0
under_const007,0
Amy21669823,0
shawn89609936,0
KieranFletcherr,0
beenboo_,0
BarbsHoneycutt,0
UberShouts,0
ChennupatiUday,0
ranaji_0707,0
J13Bree,0
O_Vizzle,0
shani50633688,0
service_fc,0
rockbisonkth,0
chaliya007,0
Tailynnrenee,0
biryaneemonster,0
mitali1228,0
Ella_CR1,0
JoeyKaotyk,0
ChristieGrant,0
becbecsbecca,0
terri_heiges,0
AsrarAh64126799,0
SubhajyotiGho20,0
melsmartin26,0
imdinkarsharma,0
teathevillan,0
TheGarageBand,0
Amitsharmagreen,0
tamaghna_mandal,0
safiyatahirah,0
RTraductor,0
k13chris,0
BBMcDee,0
ankitagrawal619,0
SGTDanHartley,0
jrmooniee,0
palstakeaway,0
brgartist,0
Mollielouise22,0
harjani_deepakk,0
cdoo_bar,0
IanIld81,0
LyndaSm42665114,0
a_hyperactive,0
SquashyPants,0
rastafarianAj,0
mackaroni210,0
LaleleiElle,0
EddieBurnes,0
cindyfsolomon,0
GermanVazqPhoto,0
nerdworking_man,0
LBServerARK,0
the_mehreen23,0
Belzoond,0
87_side,0
rajeshkumarsani,0
ihrudai,0
4AtruDiva,0
sankhadeepm,0
Azn_Dang,0
Fred32111009,0
AnuragAgarwal5,0
Mohamed03804323,0
fisaldanhav,0
Romona95788547,0
StudioD3Z,0
_FubarEats_,0
akransu,0
OCpatriot123,0
KhanShehzaad,0
TwoFourFours,0
HaydnSchneider,0
poojashares,0
RalphRoller,0
RahulPadha5,0
Tou88970306,0
ashhole1214,0
Millwall_Ian,0
manoonzara,0
seannscruggs,0
KrisDudek,0
miny00nie1,0
mike_cardarelli,0
Toof__74,0
RaviG68,0
CGillustrations,0
XUmuskies52,0
UberUK,0
sweetsyde,0
fazil03,0
m_moore13,0
Tanktrades1,0
vheywood,0
kosak88,0
errrhaan,0
izzygray18,0
MonarchAdvisory,0
Mikegamesbadly,0
BredYapper0,0
Leemparker,0
choltenc,0
brett_kurowski,0
Gr8LakerGaming,0
_TrialNError,0
___mrwilliams,0
sorayagiaccardi,0
RWrambles,0
MOHAMED65932843,0
AuroraMaley,0
ramtweet12,0
PopeyesChicken,0
Sebreena3,0
BRONZEDBARBIES,0
Jauregui_1994,0
HarishVanapart2,0
RyanJon08157167,0
zhenyalindgardt,0
AjaykGupta1991,0
riintendo,0
marisol_2398,0
Matthew82385841,0
premkum62333618,0
BennifromBenin,0
courtneytrusler,0
dustintclee,0
UberEats_JP,0
ChetaanNT,0
Okechuk75016875,0
JustLovely922,0
budjew,0
Latifa29,0
shannonhayden,0
SouravBharati,0
Uber_BLR,0
L03560536,0
allienunn17,0
Star19320707,0
wenchwoman777,0
SunnyKu16695074,0
backofmyhonda,0
bittubittu,0
anshu_sg,0
blackacidrock,0
ChKashifAli,0
MaheshBalsaraf3,0
faizyk88,0
iamumar1989,0
RyanKerrigan9,0
schumann_maggie,0
Xo__Jenny,0
dcolom13iar,0
ToniZiska,0
ramsquee,0
kersky24,0
Damion_T12,0
itsmaina,0
rodeodove,0
crazycat112177,0
Carl_T84,0
jbanksbell,0
Ali93448904,0
spinningspoon5,0
salmank52212713,0
SUNOOSTONE,0
DaveSchmick,0
k8te_mooore,0
cammipham,0
Rubios89099481,0
Uber_NYC,0
Rob89586239,0
CorinneAselin,0
LovelyLydia808,0
Nandu_M_S,0
1Lucasmeireles,0
AaronsCrafts,0
pradhan_yukti,0
9252768,0
advise_law,0
pujappathak,0
rajeev1956,0
RobertPl9,0
BrookeFiechter,0
mpk730,0
tvnathanjust,0
signature1984,0
LBerg10,0
Larakate,0
agayemo,0
SnehaMayra,0
RentalCarsINDIA,0
atlashrugged__,0
bijit120,0
Felix63611850,0
RayShmoov,0
b1bingo7,0
judeaberdeen,0
El_Lloydie,0
keilacudi,0
_NiaMonet,0
GauravKothariGK,0
bdbaddog,0
MsEricaAmerica_,0
LyndonYRB,0
ajr_codes,0
dHudds,0
JFury21,0
futbolista_chi5,0
Taylort90T,0
Thagda202,0
makaveli_alpha,0
kha10835282,0
Philo_Panther,0
owsleyjr92,0
JunaidMohd12,0
82vemnz,0
BTStinytans,0
Sinia29509483,0
dakpprescott,0
AOLuther,0
waltfrasier,0
123aviraj,0
TinaSkates1,0
kaocubas,0
OwsleyJr,0
byesexualniall,0
HGNOFEAR,0
SHumphrey51,0
DonnieLeeLankf1,0
jameshowitt453,0
arghadu09137615,0
BijuNathChoudh1,0
musicman128,0
rahulwho_,0
LElkan,0
suhIut,0
Shehan_Sam,0
punjabipungay,0
Harvind87941684,0
Dae501,0
iamamit100,0
Kris10MarieC,0
YungMayaAngelou,0
vikram70795103,0
killdbyysociety,0
CNelson08692805,0
wokedownsouth,0
JromenJ,0
reachdebjani,0
Empathiise,0
coffeegurl66,0
Wheato_Man,0
V_Giardina,0
DeepaliPradeep,0
thekimberleyash,0
YPJ2013,0
royjohnsonlive,0
AlitoNet,0
kinjalmihir,0
wooebj96,0
cafernandz,0
mrscheifcheese,0
Hay_Leader,0
waziralam3,0
corenacharles,0
sourjiu,0
aliza69761853,0
JackPosobiec,0
andy_kastrati,0
NitinDw73394421,0
Vikas22481625,0
tinytinniemari,0
paulineambasa,0
JarradBarrett,0
Ezzmundo,0
JohnJen20317873,0
carterlm,0
TheBiggestApple,0
nazir309,0
Stark_SM,0
KrystianYuJin,0
magiciks,0
Krys_Ha,0
Djrastakid515,0
CarlosP63609209,0
RickyGlew,0
RobertsWBA23,0
caleb94220709,0
helpmegme1,0
Gaskell9,0
Abel_Seloane,0
bdwise0713,0
Jasdeepmajithia,0
dr_sonagara,0
cxmzsw,0
JORDANCBRAUN,0
of_veggies,0
realchetty,0
AquariusGiants1,0
Notemily20,0
DevlinWilder,0
Arunend08413678,0
rishipathak88,0
baijd,0
KiticalHit,0
BPReports,0
kaitlynpaigeh,0
bluejena,0
rydunn,0
samanthabueno91,0
rosaboots,0
Leo85854860,0
gomeztiddies,0
Fujin_II,0
colaqveen,0
ibrahim07875768,0
Edwardw83,0
theFAN2000,0
joseeight,0
rash_is_me,0
SNNathan9,0
GoogleMeChris,0
JfpFor,0
Adhurikhwaishen,0
Odagled81,0
PattyLa_Jane,0
Inabees,0
omoore24,0
RealityAnomoly,0
bipolarminddrop,0
BLRAirport,0
SpiderKeithLutz,0
JonasSi36374287,0
SQuentavius,0
Chill_Childhood,0
amitsharma1812,0
FlyHiFreeBirds,0
Adityakhemka16,0
MMadden44,0
arsh_sisodiya,0
Listen2Juju,0
chelseadrinkall,0
PreetiJ48181013,0
makaylabez,0
dmilleraudio,0
jpennantj,0
babitasinghtal,0
Saloni65079727,0
CynicalPins,0
gmail,0
Yokenth,0
AlexanderBagge,0
raiderdogg2k3,0
Partharaut,0
christiaanmeyer,0
MukherjeeKeyur,0
CyrusNowrasteh,0
payadhi07,0
Coatedkisses1,0
HLP_Richard,0
Samithads,0
O_Lordie,0
Stupid_Bliss,0
themilkyoneja,0
Bigmanpfc,0
nathanprestin15,0
LuisTeran93,0
GhostKrome,0
Akash80232911,0
Onlearningpath,0
brittybumps,0
JosefBellman,0
elopezbil25,0
TheFlashfan10,0
mayukh77,0
Natasha58125585,0
AasifSayeed2,0
3stagesofgirl,0
JackDMan25,0
GeorgeAlvinNYC,0
rdb11012,0
SuevanI,0
Jay14351207,0
miss_nightowl,0
usaeed338,0
Index_guru,0
adarshvarghese1,0
Dailymirror_SL,0
PriyankaDeo16,0
RiteshKhede,0
cygnetsam,0
whatsacapper,0
_scarterrrr,0
RafigAbuhasna,0
Harshad26896250,0
crliew,0
stephelectric,0
Sweetpea073,0
MichaelBHinman,0
priv__x,0
ChrisBalllin,0
NagashreeRaj01,0
Zakwatson13,0
JGandul13,0
UberEats,0
LiveZones,0
_HippieLiving,0
randi08646507,0
RianneWilkinso2,0
RRodhlann,0
McDonaldsCanada,0
DHEERAJ303L,0
RIPHershey,0
Ihsanul99512638,0
garimagaur8,0
ShavikW,0
techjock78,0
ReddypallyRahul,0
jtroozy,0
dexterbrownfoto,0
meghandeirdra,0
ChipotleTweets,0
Beezy2403,0
christianegale,0
JackieLichota,0
6athory,0
ahmedeljefe,0
aguilmineau,0
anujaga92,0
RikGurp,0
mikaandandrea,0
JustBeingWally,0
LukeCage069,0
_BrianEJones,0
FurankuFrank777,0
TajinderBagga,0
JohnPie00834352,0
SHANTI2001,0
matthgt,0
GEOFFKOLE,0
jastheace,0
Hayley1408,0
mickele80767687,0
HondosElement,0
Jainabhay11,0
abkgardner,0
EvitaEsq,0
Bj10633103,0
AdrianaStills,0
jnavarrorazeto,0
KyleHac94977319,0
rus_bruce,0
Hp19506228,0
Vinodkakku,0
AngeleahChavis,0
jenregina85,0
swarajsingh735,0
Abhiji0597,0
CDrolia,0
ElCorboLoco,0
DalyaAglan,0
MayankDas2687,0
Drift0r,0
goddess_hylia_,0
maybeharsh,0
McgaheyNix,0
kruthan,0
James_Carleton,0
candicin_roy,0
MarkCollins1992,0
Afework14534516,0
RemyCarolan,0
ravipratikk,0
chanangad,0
RideSafeWorld,0
iamkpodo27,0
russell_gates,0
punisher0836,0
Grubie_Grub,0
MahanEsfahani,0
ruarusmman,0
AnAnTh18225529,0
DrewCDoll,0
rosieellensays,0
CrystalChe12,0
jvsrk70,0
elconnoisseur,0
Tehbeardedgamer,0
echkay96,0
Alexandra__19xx,0
SonderPurpose,0
harryor93,0
Uber_MEX,0
mattfrombuffalo,0
ralfbuescher,0
Wardy5,0
AdemsWorld,0
randytho,0
PurpleFuego_,0
Mar-07,0
REBECCA65446650,0
budgie1976,0
thlinh130295,0
jp_carreira,0
AContrerasVE,0
pallo7777,0
el_crocko,0
Parkii3,0
_tiaspeaks,0
MurtuzaBootwal1,0
abhiarmy007,0
thedavidnoel,0
Gabriel22180319,0
kmazalewski1,0
DjFrater,0
ClubHead777,0
camiusv,0
Abhishe82985772,0
mugalo_254,0
nitin_gadkari,0
scencrytae,0
DonRodriguezES,0
GiyosiddinI,0
mgogola,0
Robin_Fussell,0
Kingofbones900,0
carmenn43904899,0
maskazergon,0
sarahhh_jpg,0
NezinCory,0
Lizzyslates22,0
KhaleelAlly,0
Milky_Ways_8,0
GuyWithFatCat,0
Uber_NZ,0
ForbushDeb,0
Nezz911,0
FrauWater,0
iCallBu09204740,0
hazelhcchan,0
MtamandeniK,0
char_charmed,0
mns3100813,0
JustSummerThing,0
vsshole,0
JhaMukti,0
sports_mom4,0
Arjunc77,0
Flatton4,0
ajb_neuk,0
itsprincessshan,0
MrMacy88,0
_PrettyNPlush_,0
archujb,0
ShieldVoC,0
DanMichelV,0
laisfortaleza,0
jcgo9355gmailc1,0
Thisisreallysil,0
nniikkss,0
alexmakin,0
l_petruzelli,0
darrylhanes92,0
ladegafanclub,0
jennyannx0,0
terryberry410,0
Jaynecutrone,0
Kohl00188271,0
Denmark786,0
Harsimr09481245,0
harshdeep_ahuja,0
punchybastard73,0
Bonnie_Brazz,0
indii7,0
thatmelaninchi2,0
Raushan15007472,0
seanspellman701,0
SkoWifey,0
CherlyzerN,0
froggameister1,0
hub2asf,0
sofiane20dz,0
DeepakYadav4786,0
ekbhartiye007,0
Jack49813056,0
IrritatingBoyTy,0
LaybabyTalks,0
o_cyprian,0
OneGallonZine,0
DXBRAJA,0
Trizz60045395,0
LrdSmashington,0
goldskynthe1st,0
_DeMarcusB_,0
rea_zon,0
DwayneChapman,0
brewnas,0
Ola_Kolkata,0
BapnaVijay,0
rahul_sati55,0
Dodgers4DaWorld,0
Tonia06328768,0
DaOnlyNiggaEatn,0
abhisek_4u,0
RobynPlaysGames,0
Im_LH,0
pookeye,0
PrettyPolly_G27,0
devin_castillo,0
VIJAYKUMARHR14,0
AshCatchemAll0,0
taramcbride15,0
Frobnosticator,0
deepakc582,0
DanielKearney,0
sham_god,0
PratKar,0
Shuraluv,0
PaulSey06641252,0
HFTUYONMARS,0
Josh21961622,0
AppleMusicTV,0
AmaPomaah_,0
JustTieMe,0
UberFacts,0
Indiabigtweet,0
yeetosin,0
md_nicolae,0
lvs2crnr,0
McDonalds,0
delas0ull,0
actiondan8,0
SxFHBUffxT0OmU4,0
Daniel97495265,0
uber_eats,0
Teh_stephinator,0
khalid_tatheer,0
rideshareuber2,0
simarsi20176462,0
kenny1ronald,0
IneedPrinceBack,0
Mausin_Chhipa,0
taeshuabesties,0
MrKWatkins,0
Uber,0
garggprateek,0
reneloubisnar,0
renan_botelho,0
melvin01853968,0
Allah_ki_bandii,0
BradEmc,0
SmashlyDUBLjugs,0
shahnawazs83,0
iamnottomgreen,0
wavy_dot,0
yameogo79681409,0
beenaraok,0
vvHhDOj6ZpOvv53,0
DaveLeeFT,0
bptexan,0
beersenpaii,0
LeighJolley,0
NsfAnthony,0
Pantoja84206707,0
saj_anderson,0
Stephen07248681,0
x_iimaStar_x,0
vickymiller007,0
catriz110,0
CoffeeMe911,0
carinaortega07,0
JasonGehrmann,0
JakesRandomActs,0
Joe10635820,0
YourVoiceAtIRS,0
rodrigosabato,0
Axa9WCCjjY97mrf,0
Shay96683194,0
Juniortakeo1,0
_bnovc,0
patelneiln,0
GOLDPRI46438245,0
NeiceyBrand,0
BlazinginfernoX,0
dappymosh,0
madisongkk,0
mikepaterson,0
rhikerry,0
khanarman009,0
ZionBenjamin11,0
ClydePa75026457,0
gyoung702,0
prateeksaxena31,0
ArvindNarayana2,0
hillasp1,0
saadahdabo,0
shop_greek_ish,0
ali_hafi,0
joekevinrayan96,0
Uber_RSA,0
Eldaco11,0
ankitsarda7,0
Nishakedia13,0
bbillyshears,0
CatherineGurner,0
CapHaVy,0
QueenWordsmith,0
BourneFresh,0
weedgoku1,0
InklingStaple,0
zillah7478,0
env_mayur,0
wu,0
xpsven,0
itssaintcono,0
NicanXochicuali,0
Vancouver,0
iHEROttv,0
ManneVasavi,0
manisha0692,0
JenniferAlfon11,0
JorgeDelg7,0
UberINSupport,0
LavishAnand,0
saxofenris,0
EricdeGreat1,0
ShamikB92075323,0
shingnai,0
EndlessPenguin,0
NikitaA51817517,0
brittanymwehner,0
scottpiebenga,0
OneTimePantsula,0
NosyObi,0
Ray33917342,0
JustJess_B,0
Jolzski,0
VickiVoluminous,0
robharv97,0
SachinK14512393,0
iAm_KingDave,0
teebeeandtammy,0
IrfanHu54707781,0
Yauchy,0
benjamintaboga,0
fidhahussain,0
GauravHKalra,0
JL3M0N5,0
amitavakundu83,0
Ihab26279807,0
Zumbulche,0
FrankieAloysius,0
vermaabhishek4u,0
danemartin110,0
madisonlynn_21,0
James_Orcutt,0
BLESSEDnTHXFUL,0
ParthTarapara,0
Lokman48448952,0
gmathur19,0
guezkun,0
imkanssible,0
natelivesay,0
actous2,0
Bheka93835352,0
snnood,0
Condorscomments,0
gravedancer___,0
vali05,0
MsLuna80,0
Bolt__fx,0
coxy731,0
stileyfbaby_,0
JWReichertMN,0
vilacron,0
Glen29970713,0
kieransymes,0
Enjoli311,0
BonesNole,0
Zureena_S,0
Screaming_MiMii,0
lecienegarla,0
KeanGerard,0
ithnkimparanoid,0
thearadhana,0
MattTennisHack,0
Eduardo20262248,0
scion_348,0
J_ward317,0
212killakam,0
Arshdee12667790,0
beerile,0
matthew356,0
vivekRa10480626,0
somischief,0
LadislavGaspar,0
TimEdmonds20,0
MrsKiraly,0
Loveee_Mona,0
Pup_Atomic,0
linktoankush,0
CallumMilne20,0
varunbali10,0
Jagster___,0
Alex51354835,0
FraudUber,0
haileyxxjane,0
DoorDash,0
DiazSoranyi,0
directedbydanya,0
adi190290,0
ammarr_aripin,0
Paulstephen2,0
WilsonR44100502,0
eddcase1,0
BalinaVitorino,0
HTired89,0
IronicaLirica,0
Bo7mooh,0
mochified_,0
canagaratna,0
Templay,0
yankees_chat,0
Ionavelo,0
vangi_zuko,0
Brlnt_Bhrtvsi,0
BenRidolfi,0
avising85155894,0
CookieCasia,0
SaveAHeart1,0
BetaBoyBlack,0
KemyataB,0
sachin_kailvita,0
chrisjh18,0
RandomSarahUK,0
lizakb_,0
dacy_essex,0
lizzy11965386,0
Nurulia45920977,0
Venswa61,0
thandiforkeeps,0
I_Do_Badges,0
go4itdrummer,0
RGXtFLhXrMU0sDR,0
stewardjornsen,0
anirudhvem,0
nosbeto,0
KDocha,0
MsnAtif,0
VelleMarie1,0
jeffjacobs5,0
oscarandresgil,0
tashaperry83,0
sumit_singh317,0
steveandgem,0
silverlily23,0
Hi_iamnishat,0
Grubhub,0
introspekt408,0
atwellorama,0
JordanMCarson,0
Christi89209347,0
CimGOI,0
KyleSavv_,0
Jonatha86159042,0
dbaEBONY,0
yur,0
rabidnuisance,0
iVigneshSuresh,0
anniesturdydovz,0
Darren96white1,0
RohanGu82349090,0
GaiainMA,0
OfclRoseroyce,0
P3drohen,0
AgunabuC,0
CNN,1
ksdknews,1
StlGig,1
TODAYshow,1
TonyDofat,2
SovendraJha,3
SoumikSinha15,4
Rohit07442892,5
XiyaKhan5,6
talhaajmal2,7
DoJ_India,8
OfficeOfNG,8
indSupremeCourt,8
PrasantThakur,8
pmo,8
KumarNishantneo,9
SrShahbaz96,10
bbkian_,11
DebarshiM_29,12
watermelovsarah,13
FarrukhGPL,14
BhuwneshThakur,15
Abinashsuman,16
epidome1,17
Pathanmiyagayaw,18
bella_bella_00,19
_kate_baker_,20
n0rmannnnn,21
ughramik,22
rirahul6,23
sadiecastoro,24
suman641,25
bm_kass,26
Mohdshazeb71,27
travelwiddriver,28
NavneetDutt1988,29
PragyaMishra05,30
KaityYasmin,31
ashxace0608,31
whoppdagenious,32