,user,listed,followers
0,Michael05914091,0,8
1,ShieldVoC,18,17566
2,fltrtae,15,1717
3,Lucky00890359,0,0
4,zhenyalindgardt,1,55
5,RideSafeWorld,5,1352
6,Faahvitor18,0,141
7,tvnathanjust,12,5994
8,truongasm,0,9
9,faisal65535337,0,0
10,sangthan_yuva,0,133
11,WilsonR44100502,0,11
12,KafinyaNatasha,0,2
13,Sw4ggar0ni,1,53
14,Climeworks,198,8527
15,BTStinytans,1,388
16,magiciks,1,23
17,McDonaldsCanada,692,135605
18,pmo,20,1669
19,Shehan_Sam,1,88
20,Racheljoyknight,0,10
21,ChickenLickenSA,36,101314
22,PopeyesChicken,1213,241071
23,beware,9,367
24,tinytinniemari,2,214
25,Uber_Qatar,23,4344
26,Grubhub,1388,211267
27,UberUK,212,40699
28,TODAYshow,18273,4238120
29,sashaflck,4,297
30,swatisachdeva_,13,8349
31,Ola_Kolkata,1,447
32,TheoPaphitis,2548,490464
33,Dailymirror_SL,553,457338
34,AapKaGopalRai,257,382684
35,CompBureau,257,8288
36,cameronmonaghan,1322,512476
37,Cadillac,2731,713269
38,aampress,5,7671
39,AndiPim,23,1252
40,JoeH66240566,0,0
41,jameshowitt453,0,2
42,IanIld81,0,48
43,Stephen07248681,0,5
44,ClubHead777,1,42
45,MrBeastBurger,45,51611
46,prabhjeet_s,11,746
47,daniel_lazzarii,0,24
48,kfc,3482,1501315
49,koophoriaa_613,0,6
50,Rubyfied,2,2605
51,UberShouts,325,40316
52,izzygray18,0,11
53,indSupremeCourt,32,17501
54,DrunkenMrNick,2,195
55,Deliveroo,337,66083
56,_ColourMeBadd,6,673
57,RayShmoov,0,293
58,Uber_Perth,25,2411
59,NicholeKrish,2,288
60,jessedsz,0,21
61,UberEats,629,239907
62,renan_botelho,28,2964
63,Uber_MEX,416,485826
64,Drift0r,541,251580
65,Olacabs,263,250149
66,Uber_Kolkata,34,55872
67,az,71,1438
68,BBBTriCounties,41,1825
69,dreaxlu,1,930
70,FT_SriLanka,63,62266
71,PizzaNova,101,5476
72,RyDeo,0,9
73,Uber_Pune,38,4378
74,wordofbrandon,56,24501
75,OfficeOfNG,106,129253
76,SKECHERSUSA,476,47410
77,Uber_BLR,84,14920
78,UberNigeria,53,26746
79,Uber_NZ,27,4800
80,Lbabyrouth,0,23
81,YourVoiceAtIRS,422,33249
82,AskLyft,222,82233
83,KFCSA,221,263919
84,ashleyaustinn,1,360
85,Uber,4410,1053676
86,Starbucks,25902,10921329
87,ksdknews,1945,237887
88,Uber_ARG,77,51470
89,jagograhakjago,79,58610
90,JackPosobiec,5831,1244027
91,GuyFieri,9219,3467996
92,UberEats_JP,277,86923
93,DemanteMichaels,0,49
94,Carmelabrownie,0,2056
95,TimHortons,1164,658497
96,uber_is_a_scam,0,2
97,HenryLacey,2,126
98,CanalRoer,0,15
99,lyft,1816,289075
100,TheJaggi,825,170851
101,cgsombud,5,570
102,fly2ohare,909,53244
103,UberIndia,0,189
104,rahulwho_,12,392
105,Philip76277744,0,0
106,Uber_QLD,28,2206
107,UberFacts,15247,13815805
108,UberUKsupport,57,26721
109,syafiqahsanusii,0,602
110,MichaelBHinman,11,373
111,DoJ_India,28,11572
112,FraudUber,0,1
113,dkhos,867,108602
114,SurangaPieris,0,14
115,ArvindKejriwal,6461,21717993
116,gmail,17851,6300150
117,saj_anderson,14,1378
118,eliene63308735,0,0
119,uber_kenya,49,86889
120,LaybabyTalks,0,1
121,Uber_KSA,104,147476
122,Uber_RSA,108,89528
123,Uber_Australia,94,14416
124,ManneVasavi,0,23
125,lecienegarla,0,1
126,keepstrugglin_,269,117506
127,traciethoms,796,83456
128,taekoo_lvr,1,298
129,ubereats_uk,10,7977
130,vellamalcolm,3,57
131,preetiraw,1,23
132,transferwise,3,526
133,BillyeBrim,136,34548
134,Uber_SL,34,4610
135,z79ii,0,13
136,BLRAirport,145,72257
137,Uber_Canada,186,25658
138,AwakeandTryinMT,12,678
139,Grubie_Grub,0,356
140,NCC_COVID19,0,1123
141,KDocha,0,104
142,hirunews,162,114893
143,Natetdot,7,106
144,nitin_gadkari,2217,8369618
145,CimGOI,813,512323
146,mitali1228,0,215
147,Uber_India,175,319086
148,Uber_NYC,457,38704
149,Sherri37876657,0,8
150,Scherah_,0,236
151,CapeVgirl,9,133
152,McDonalds,8646,3789816
153,walewoot,26,402
154,CNN,147751,53385607
155,Srimsngal,0,6
156,ChipotleTweets,3614,1055652
157,TipsyMayhem,1,90
158,LuchadorLD,227,65663
159,MassAGO,1197,100141
160,dorothywang,196,97606
161,savvygupta,21,40550
162,Vancouver,758,63400
163,vsshole,112,26032
164,DoorDash,437,157767
165,BloombergTV,8942,595616
166,Uber_Support,523,591423
167,SatishInnov8,1,441
168,James_Carleton,26,1109
169,SajeshSreejayan,2,65
170,iVigneshSuresh,12,856
171,MsLuna80,2,627
172,bayyu4u,2,63
173,nerdynoodle,5,213
174,Teakdragon,3,55
175,lisamp1986,1,125
176,Leemparker,73,1584
177,SuevanI,3,484
178,khanarman009,0,48
179,miraculous017,1,3190
180,mary_jane_risch,0,12
181,Franciscereyah1,0,0
182,JennaStern,107,3825
183,lizziek9977,0,0
184,Manoj_kat,1,1240
185,fisaldanhav,3,85
186,manekari,35,725
187,scribldthoughts,0,60
188,Jaya82S,0,8
189,budgie1976,0,101
190,nuts_cracks,3,108
191,E_Dygert87,1,37
192,digitalclocktik,0,57
193,Whitney72351908,0,102
194,dpaperin,4,67
195,ccroft78,0,63
196,IsaacPiero2,0,61
197,ramtweet12,0,19
198,JuansePeralbo,0,12
199,LouiseThomasD,2,149
200,anniesmith5992,0,5
201,Bolt__fx,1,23
202,JordanMCarson,15,256
203,laisfortaleza,3,141
204,Vanshaj_Verma_,0,7
205,beebs_da_ish,4,760
206,DimitriLyon,9,958
207,babyhiiippoo14,0,76
208,bijit120,0,35
209,AlexT,74,65371
210,Taylorlzper1234,1,197
211,ZionBenjamin11,0,17
212,JerryAltschul,0,5
213,GoogleMeChris,2,169
214,AjaykGupta1991,0,8
215,ViperXpyro,1,21
216,dbaEBONY,57,773
217,mikeyplewis,9,731
218,Sayanta64414275,0,0
219,tehtech,1,115
220,robertaur,0,91
221,Iamherod,13,205
222,OkwuyahNworji,0,132
223,Noahbout_it,8,1600
224,simonwilsonza,5,65
225,iamnottomgreen,19,560
226,ShivakumarHN3,1,15
227,RobertPl9,0,0
228,Jaan_Afroz,0,7
229,swarajsingh735,0,7
230,RisDelhi,0,5
231,PratKar,10,316
232,jamesmicheallec,2,776
233,NitinDw73394421,0,9
234,narendrajrajput,2,144
235,CarlosP63609209,0,0
236,Sindirella_101,7,2096
237,jbanksbell,9,79
238,SarcasticSharif,6,434
239,ekbhartiye007,0,11
240,BuntySoumya,7,437
241,MemphisMo85,0,72
242,gangstah_minnie,0,85
243,ThatTiredOne14,1,278
244,vicky_lou11,0,70
245,shoaibkakar,0,44
246,red65reader,0,75
247,SureshV00545957,0,0
248,ratan_parmar,0,62
249,U3Development,33,1813
250,TajinderBagga,912,716048
251,ItsUnico_,0,51
252,gobluebeth,0,31
253,ivipankumar,1,1748
254,realchetty,1,138
255,KevinL94,1,1462
256,2376d31290e44e6,0,2
257,travvy1212,0,33
258,pujappathak,0,11
259,kanas171,0,13
260,AnupSha62696274,0,4
261,Akin4u2luv,0,19
262,pelikanhead,6,521
263,AlitoNet,23,1557
264,pelmeouchy,8,111
265,RahulPadha5,0,0
266,sickchuck,0,4
267,JfpFor,0,425
268,Doom_FGC,4,1002
269,aaronub4t,133,2957
270,anshu_sg,0,38
271,JustLovely922,0,33
272,imdinkarsharma,3,172
273,SunnyKu16695074,0,0
274,echkay96,2,69
275,9988SARKAR,0,2
276,Pamma430,0,182
277,Chill_Childhood,0,53
278,ronyrajputsingh,0,333
279,mcdowell_pk,0,1
280,MsDoriya,0,3
281,Gabriel22180319,0,0
282,huzi1502,0,39
283,stewardjornsen,3,562
284,EzioKush,1,5
285,I_said_Uhh,1,68
286,ithnkimparanoid,0,7
287,Lori_R94,0,282
288,SandraMenottis,0,7
289,oompa1974,0,15
290,brittybumps,2,49
291,UdaySripathi,8,259
292,ssswirly,0,88
293,alberteje66,11,573
294,jatinbkumar,0,0
295,allienunn17,3,266
296,rawatpankaj,67,1391
297,CapHaVy,0,12
298,tazbaalz,9,356
299,Pascal__M,22,243
300,giothecolombian,2,1384
301,nom_nomaste,0,16
302,MrMacy88,0,24
303,mrchow90278101,0,1
304,mackenziewayne,6,35
305,anneybells,2,1100
306,wooebj96,2,34
307,ifaransajid,0,777
308,Npteggchaser,14,778
309,Yommigold8,0,11
310,CaonaboT,0,44
311,TrakHouseMusic,1,41
312,skittlesj21,5,270
313,jeff_deeney,117,3241
314,omars81,28,581
315,randytho,0,5
316,utsav_sha,6,168
317,AlexisS26424590,0,3
318,AcreUK,19,2203
319,MichaelMurray07,0,5
320,auntiekerry,0,58
321,vilacron,14,201
322,Jackieg414,7,77
323,froggameister1,0,4
324,k13chris,181,2665
325,YaniClovers,2,213
326,lmalia984,0,116
327,Eddienu43283041,0,2
328,talinkpink,31,910
329,dreamwithnikki,4,285
330,FrankieAloysius,1,35
331,JORDANCBRAUN,18,1139
332,Mollielouise22,0,3
333,LovelyLydia808,1,48
334,becauseufollow,0,99
335,omoore24,9,901
336,sharan_sherikar,0,23
337,Umar_nr,0,23
338,IronicaLirica,0,3
339,J13Bree,0,5
340,gregory_finney,41,1156
341,chrisjh18,0,11
342,baabu2,0,6
343,AZCloutGodz,0,6
344,AH46964879,0,0
345,Captin_Wong,0,8
346,IntegratedPaper,0,11
347,sorb71,0,8
348,matthew356,4,277
349,BintouSmalls,3,479
350,_TrialNError,21,267
351,BijuNathChoudh1,0,1
352,badkokonut,0,17
353,Frobnosticator,0,10
354,Abhishe82985772,0,7
355,AngeleahChavis,0,205
356,Ali93448904,0,1
357,backofmyhonda,5,508
358,palstakeaway,206,1728
359,ankitagrawal619,0,44
360,yspedro,2,208
361,nerdworking_man,0,32
362,kpswathi,17,1074
363,Nishant63758708,0,19
364,santosh59031968,0,7
365,Deekshikoppa,2,354
366,JabStrategy,24,339
367,crliew,1,26
368,johnkduggan,5,313
369,brittanymwehner,29,788
370,PurpleFuego_,0,575
371,l_petruzelli,2,88
372,___mrwilliams,1,54
373,madisongkk,1,118
374,Onlearningpath,0,2
375,ParseTheSalt,13,545
376,CO_Fimbulvetr,1,27
377,carolinegodess,2,650
378,raghav_singla,0,5
379,KhanShehzaad,0,5
380,itsmaina,0,114
381,env_mayur,0,5
382,RCRRED,0,11
383,ravipratikk,0,9
384,jvsrk70,15,239
385,KP23899,0,5
386,Raushan15007472,0,9
387,RakeshSheth15,0,0
388,tomcowlitz,26,2806
389,Stupid_Bliss,11,687
390,Lilly_jo_Cullen,58,7762
391,QueenWordsmith,28,3821
392,tmmenon,18,1999
393,KLBretherton,4,345
394,skolliepops,0,82
395,pallo7777,0,150
396,choltenc,3,332
397,AdrianaStills,0,5
398,RoushanMohammed,0,8
399,Thisisreallysil,0,5
400,anarain,4,94
401,arunkhatri87,0,39
402,esemee,2,179
403,Rubios89099481,0,0
404,itssaintcono,0,5
405,Sinia29509483,0,0
406,Samithads,4,377
407,StlGig,0,8
408,AlwynFJH,185,13102
409,Templay,16,387
410,LauraVannoy,0,7
411,ModupeOfficial,20,1572
412,itsprincessshan,0,116
413,JPatashna,0,6
414,amingopalani,6,309
415,LiveZones,0,99
416,_abhishek_T7,0,5
417,_ItsVR,5,419
418,jonitanesa,4,169
419,chaprucha,0,91
420,thedavidnoel,1,83
421,ankitsarda7,0,15
422,imprincejerry,0,0
423,abhaarun,0,21
424,StuartGullick1,1,41
425,mjarvis83,1,192
426,CortezW63318292,0,2
427,devin_castillo,3,750
428,aaydouble,2,156
429,AnilSonkamble13,0,2
430,Okechuk75016875,0,29
431,SerenaLocatelli,14,235
432,equitygod,8,654
433,MachinJames,0,41
434,rahul_sati55,0,4
435,vermaabhishek4u,0,79
436,deedoboys,0,34
437,WittyBitch,0,160
438,Jainabhay11,0,39
439,DaveLeeFT,1086,38052
440,Sameer_10001,0,0
441,Trizz60045395,0,5
442,jordsslouise,4,750
443,OCpatriot123,2,1291
444,futbolista_chi5,15,508
445,JustTieMe,4,219
446,ImranAkaShah,26,4113
447,StepinCafe13,0,2
448,rizwan_tahir_,5,196
449,TicaTica918,0,11
450,michellebeth05,3,402
451,colaqveen,0,41
452,sAyAn801,11,398
453,bozychristian,0,1021
454,salmantamboli07,0,44
455,TonyDSpeaks,0,48
456,ShavikW,0,0
457,lbc24344828,0,0
458,Saheem_Khizar,8,883
459,HFTUYONMARS,0,155
460,DaRealMoMoney,1,332
461,steveandgem,2,49
462,poojashares,0,39
463,Nandu_M_S,0,0
464,Eric2254108708,0,0
465,as7hokme,0,1
466,xBreastMilkx,0,10
467,jxmwaba,396,2558
468,ginadarling__,16,508
469,roudettej,0,18
470,JeremyCushman,39,717
471,cathy_bufano,0,17
472,MacheTatty,0,2
473,MeghaSahu1,0,0
474,totallyyeswow,0,30
475,mnhorvath1,0,0
476,AmanBaheti9,0,11
477,jennp0412,0,1
478,GEOFFKOLE,2,195
479,V_Giardina,0,21
480,DakotaEldridge_,0,159
481,krisc334,0,158
482,Stephan38180557,0,0
483,AshWeez,8,260
484,VisCool628,0,5
485,under_const007,0,23
486,YogeshKanaujia1,0,1
487,pratibhajain10,0,18
488,astidog99,0,6
489,DallyceCole,9,193
490,EGPharoh,2,671
491,Belzoond,2,457
492,dgins79,0,32
493,wslvr,0,235
494,wfs8000,0,12
495,Titoooo89,1,118
496,Alexandra__19xx,0,134
497,AshIeyysuxx,30,3522
498,rajeev1956,2,198
499,EmmaD74,2,159
500,TheBiggestApple,0,27
501,cmflem,5,303
502,vacationsbypam,1,75
503,truemeathead,0,31
504,swagdonnyj,4,46
505,Rakshit17349779,0,1
506,TCook,9,381
507,EmilinaLove,74,3065
508,raymondkeen,4,24
509,cha_janette,3,47
510,EvanBrownAuthor,2,374
511,Shuhustle,2,524
512,1BirdyTheMighty,0,6
513,sn1pes130,3,265
514,sasha_tyndale,0,1
515,kaymarie_xxx,0,228
516,LBerg10,0,64
517,byesexualniall,0,23
518,tmp63,0,3
519,latigocoffee,4,90
520,_hunterraffety,2,104
521,eggsofsatan,4,92
522,thatgirltyp,11,2337
523,lizakb_,1,18
524,aleenastweets,8,740
525,MahanEsfahani,68,4492
526,ReallyBadAI,1,31
527,KeiraFoSho,7,1048
528,Dee7291983,0,17
529,yanq123,0,0
530,Waddell4J,1,153
531,OneGallonZine,1,55
532,SparkzKay,2,965
533,pdirubbo,3,146
534,Madamme_Butt,0,202
535,NdiayeLomlaye,0,18
536,Jtwites1,0,0
537,dodiesue,11,2264
538,TheArcticGay,2,189
539,BiscuitsJohn,0,15
540,cmorton1234,0,9
541,musicman128,32,1300
542,keilacudi,5,977
543,carterlm,0,28
544,DJRiddle27,1,42
545,pil_sha,0,0
546,sportsfan702,4,657
547,goldskynthe1st,0,44
548,andrew_grossett,30,536
549,Milky_Ways_8,0,0
550,UberVirgDetroit,2,116
551,DarreonsLife,5,1660
552,ConorFerguson18,0,11
553,makaveli_alpha,0,200
554,ChKashifAli,58,3763
555,Inabees,5,1068
556,bluejena,55,578
557,bluedonkey,169,1547
558,KGrosenbach,0,346
559,s_ande,7,328
560,iamrebelmade,1,18
561,LukasTaulbee,1,137
562,panzarella_bob,0,0
563,TonyDofat,353,26286
564,nniikkss,0,40
565,riintendo,17,1446
566,davejr555,2,410
567,KyleMersola,7,543
568,HGNOFEAR,29,1030
569,LuBatchelder,4,308
570,nathitab,29,707
571,AdesuaOkosuns,14,189
572,MapleSyurpDon,0,31
573,GaiainMA,2,87
574,sham_god,10,790
575,wu,98,1127
576,NadiaZammal,21,417
577,natelivesay,11,757
578,kioken,55,1287
579,GardeGar,1,72
580,YepWBK,24,415
581,DWesterberg,426,8418
582,TwoFourFours,132,10957
583,x_iimaStar_x,0,195
584,BrookeAshleyP,198,73611
585,GulBukhari,365,367281
586,biryaneemonster,0,326
587,SocialistBooks,58,941
588,waltfrasier,115,7083
589,Kirst3nF,296,4195
590,joseeight,107,1561
591,Bigmanpfc,1,83
592,lucho_walker,9,356
593,KelleyCabbana,265,47754
594,fnemecek,32,1062
595,berrydelicious,41,1554
596,getfitwithgiddy,46,2311
597,aIonelynight,56,5007
598,ImAndreM,6,273
599,hegemonprime,33,295
600,jstocks21,7,342
601,lordsarcastico,31,956
602,Arshdee12667790,0,0
603,AbdulRa10911356,0,0
604,ZaidAmir7,1,75
605,pookeye,4,129
606,Juniortakeo1,0,1
607,Jav247Jav,0,9
608,HLP_Richard,0,192
609,Hkswala,0,16
610,JackieLichota,2,938
611,lips_vincent,1,297
612,catriz110,4,60
613,Professor_551,0,5
614,JGandul13,0,57
615,Middle_5_Man,5,826
616,HallowKaz,5,81
617,MrMacColl,0,379
618,wavy_dot,14,400
619,ShannaBrandt,1,456
620,stileyfbaby_,1,86
621,JubertDias,36,305
622,IamBenEvans,0,100
623,CoughlinWil,0,4
624,DjFrater,0,36
625,Jadeo_22,0,22
626,LittleMsShipper,47,3334
627,pintukumarpal2,0,152
628,YungMayaAngelou,5,579
629,Chen65Pan,0,17
630,JustSummerThing,2,169
631,coxy731,1,57
632,BabylonHoro,0,1
633,olawumiekiti,2,236
634,___toad,31,2449
635,jeffjacobs5,0,40
636,KateKatemedia,2,257
637,xMsxDx,14,1010
638,agentpeterg,39,846
639,Sweetpea073,0,8
640,amanda4alf,9,532
641,JeanSbastienLv1,0,2
642,____matt,5,733
643,Allah_ki_bandii,30,10211
644,royjohnsonlive,4,169
645,Atrasalus,0,6
646,evynndavis,13,544
647,agreenriver07,6,994
648,somischief,0,49
649,CraftsuneMiku,0,70
650,psuedoname,0,1
651,Insta_Deejay,0,113
652,therealreezyf,5,387
653,KiticalHit,4,179
654,mkuplens,98,1238
655,Coreysawyer16,0,180
656,Teh_stephinator,0,0
657,Recklessjai124,0,96
658,_trktkz,1,170
659,jacbgla,5,182
660,petragetsbitchy,3,357
661,jnavarrorazeto,0,182
662,ashiqueikbal,0,15
663,Philo_Panther,10,339
664,shannonhayden,0,46
665,Rafael_Trovato,10,178
666,CyrusNowrasteh,3,1078
667,VxntiDr_gxn,1,19
668,wokedownsouth,3,107
669,iCallBu09204740,0,25
670,Graceiipie,0,50
671,SNNathan9,2,54
672,killedmygf,0,97
673,jazadele123,0,0
674,whatshisfacerap,0,26
675,deancasticls,9,864
676,sethbessey,0,66
677,JackRonan,2,401
678,iamamit100,0,15
679,adarshvarghese1,0,52
680,hshiau,11,247
681,TRGoodwin,21,698
682,Bonnie_Brazz,2,39
683,JoeyKaotyk,50,7835
684,sweetsyde,0,1
685,cdmm420,2,121
686,MFazlkhoda,0,1
687,HondosElement,6,728
688,louisemay1976,0,58
689,AmeboGuru,15,3403
690,kyle09310837,0,18
691,AuguruVijay,0,23
692,sharadjag,120,5548
693,a_01212,0,13
694,Cthulhu_is_lord,3,2155
695,NikitaA51817517,0,6
696,Shreyash8696,0,35
697,EricdeGreat1,0,117
698,Hayat225836,0,112
699,Jessw1303,0,40
700,CeroLife,0,10
701,kieransymes,0,72
702,Sherise56709301,0,0
703,BapnaVijay,0,196
704,colibobs86,0,5
705,faizyk88,2,114
706,NitwKunal,0,1
707,ShanaLondon1,0,295
708,LBServerARK,0,1
709,paulineambasa,0,133
710,RUBEN_EVANNS,0,17
711,katriinems,2,135
712,Shellebelle945,10,123
713,GiyosiddinI,0,1
714,Railajunior,30,227621
715,KKDhaliwal,0,67
716,PreetiJ48181013,0,0
717,fstours99,0,14
718,WillWillion,14,237
719,PrinceINferno,0,318
720,alexmakin,13,532
721,RishiGu42518565,0,2
722,AmyMaaays,10,506
723,sharondiva,1,148
724,haque_zeeshan,0,13
725,antonywambua0,0,407
726,AsrarAh64126799,0,0
727,russell_gates,0,26
728,BBoulba,0,1
729,tmorrow2511,0,156
730,VonRaven1852,6,756
731,melsmartin26,0,125
732,WrittenByTerry,37,1968
733,StephenGMoss89,0,44
734,ElshanChalabi,0,15
735,choppybaba,22,527
736,ForbushDeb,0,0
737,GuyWithFatCat,12,166
738,SHANTI2001,3,329
739,hillasp1,0,29
740,neelneil,0,106
741,Jagster___,0,2
742,KristinaMiernik,0,3
743,safiyatahirah,0,82
744,Condorscomments,0,4
745,Kohl00188271,0,1
746,BonesNole,16,793
747,soysaucebby,7,884
748,jastheace,0,9
749,techjock78,1,63
750,marxnchill,1,48
751,dakpprescott,12,758
752,ancailliau,12,297
753,elo0423,0,62
754,CynicalPins,1,47
755,MisssKellly13,1,78
756,JillGillies1,0,0
757,AndrewBCole,2,67
758,SillyStacey,0,36
759,maybeharsh,0,0
760,BetaSpirit_Sam,1,46
761,amreed8,3,180
762,Najeeb41538773,0,0
763,dyzzzo,0,41
764,annehhoward,1,135
765,artofmello,7,539
766,kyle_knapman,0,18
767,MoJo_Sid,5,376
768,cix_vk,0,2
769,damnprincess,0,14
770,wyethhall2,0,1
771,ChargerGamer,0,24
772,RIPHershey,1,95
773,madisonlynn_21,0,143
774,EMichaelBall,7,149
775,darshipatel188,46,281
776,BarbiesGotAGun,4,907
777,larabet1,0,9
778,_NiaMonet,7,2201
779,gabbymiernik,10,419
780,RafaPimentelMX,0,61
781,Millwall_Ian,0,39
782,theFAN2000,8,1693
783,UrRainness,6,478
784,Yauchy,1,25
785,JackDMan25,3,75
786,merenda83,1,44
787,seannscruggs,0,473
788,kersky24,0,171
789,prettyqueerae,0,162
790,hfry37,1,723
791,aloleeeee,5,318
792,JamesHaycraft1,8,209
793,Kris10MarieC,1,348
794,SonderPurpose,2,250
795,TheEricaPolo,11,644
796,stephelenee,5,619
797,KieranFletcherr,3,132
798,Thatoneeggyy,1,64
799,sngitau,4,654
800,RealityAnomoly,4,147
801,CoryLeSaicherre,5,57
802,brianneg78,1,200
803,darrylhanes92,0,106
804,__tharshan,2,238
805,s22szn,26,667
806,angred67,15,253
807,rhollister57,95,3185
808,subuanant,3,21
809,fidhahussain,1,27
810,Taylort90T,0,19
811,rumandritalin,1,322
812,Nishakedia13,0,0
813,SauceStocks,0,380
814,fryyybaby,2,939
815,Soulfulthinkin1,0,215
816,CherlyzerN,0,26
817,RalphRoller,0,16
818,marperosi,0,5
819,nazir309,0,75
820,meylinali,1,27
821,xtremetony,8,207
822,joycemazumder,0,15
823,llamakavi,1,405
824,joekevinrayan96,0,21
825,SindhiSanjay,8,158
826,jammy1_,0,5
827,kaustavguha786,0,64
828,FlosssMeUp,0,16
829,MattTennisHack,0,0
830,Partharaut,14,253
831,godfreykipper,1,225
832,shradha24,0,21
833,laveena_mordani,0,171
834,drbaanga,1,177
835,Salihahnebbitt4,0,0
836,SikmaBj,0,8
837,mariagizzi,2,72
838,AfricanArbAssoc,4,693
839,chaliya007,1,68
840,dopff73,0,56
841,waseem33,0,223
842,KikkawaRyu,1,1127
843,muskwe81,0,21
844,Wardy5,10,258
845,KatieChallinor,6,250
846,ameen_30,2,620
847,Muhamma78055271,0,2
848,luiskd,2,71
849,chis1__,1,822
850,DeepakYadav4786,0,135
851,L03560536,0,0
852,kalebrity,1,364
853,hayruoli,0,31
854,CulturallyLux,0,3
855,albion585,0,137
856,Im_LH,16,263
857,o_cyprian,0,103
858,khoboref,0,2
859,rachelpedersen,1,107
860,Toof__74,6,1700
861,maiwega,5,7724
862,IaMcoopeR_,0,67
863,lissaclaire0,7,293
864,Loveee_Mona,6,652
865,PrettyPolly_G27,0,124
866,raccoonsweater,3,336
867,Joycelyn_,5,1380
868,hundhurr,0,26
869,GeorgeBloem,2,187
870,Goddess_5678,4,671
871,1Lucasmeireles,0,21
872,BredYapper0,5,118
873,iamfoundinhim,1,111
874,_FubarEats_,0,38
875,RochAntley,2,214
876,mattfrombuffalo,0,23
877,82vemnz,3,215
878,delas0ull,0,6
879,shahidH63278654,0,0
880,Latifa29,1,177
881,saradianebrown,57,919
882,jonnyboi98x,0,14
883,LariaSaunders,61,862
884,UjjwalA32467565,0,13
885,AaronsCrafts,0,45
886,prashantsani,159,762
887,Aashin_A_Shah,0,186
888,AquariusGiants1,88,672
889,ishti726,0,4
890,BradEmc,0,6
891,ellaafitzz,1,593
892,AdamCadot,0,0
893,HeadDevil3,0,0
894,varunbali10,0,12
895,krisxmurray,17,667
896,Leounbox,0,1
897,GeeEezi,0,4
898,lxdavis9lxd,0,1
899,ramsquee,1,138
900,bdwise0713,0,2
901,LadderLeaper,140,895
902,BrianNavy3,0,0
903,ryanjacob_,0,123
904,MJ_Jafor,0,0
905,chelseadrinkall,6,180
906,love_master6899,0,9
907,hdiaz247,0,77
908,Tehbeardedgamer,3,1283
909,lavieengabi,10,243
910,LavishAnand,0,29
911,anniesturdydovz,0,153
912,mspooh0215,39,317
913,lacegraidlaw,0,168
914,go4itdrummer,0,0
915,EmilyLitman267,2,220
916,Craz3y_v2,0,3
917,lettucelucette,3,207
918,romeshsharma007,0,12
919,JakesRandomActs,0,41
920,Brad_Sked,15,1092
921,Molly76801879,0,0
922,IamMars96,3,1172
923,sports_mom4,0,58
924,Lokcoexist,0,4
925,AshAjaz,1,79
926,TheGarageBand,27,366
927,rajan10896,0,22
928,SarahMShortcake,0,20
929,Pup_Atomic,2,233
930,tallulahlucy,90,1601
931,ihrudai,5,1553
932,La_china303,2,538
933,hadesattrium,0,1
934,acwisonnov,0,20
935,giovannamae_,18,6009
936,GCreedTV,2,81
937,MicahFe66901882,0,1
938,IAMDONIZI,0,344
939,craqueheadken,0,64
940,Iamonlyjp,21,116
941,MisterABall,1,201
942,Paulstephen2,2,74
943,el_crocko,2,134
944,saturnskin,0,31
945,Natasha58125585,0,2
946,tammy_grace2373,25,1820
947,NatashaCadieux1,0,0
948,Wonder_Nate,1,86
949,Benmcf123,0,110
950,ToskyClaire,0,57
951,JamesPLogue,0,138
952,RickyGlew,3,212
953,Laguna_Corgi,1,36
954,itsegc,4,454
955,TheHappenstanc3,0,23
956,21stEnglish,0,179
957,indii7,9,742
958,ehab563UTD,13,572
959,Pearledminds,2,1906
960,_rudeboy18,11,379
961,aewc21,0,31
962,Jack27946536,0,1
963,DaenerysHt,0,1
964,patelneiln,0,15
965,lmariewebster,18,192
966,joshhicks1,0,23
967,coffeegurl66,26,931
968,SudipLimbu_,0,238
969,sajida95,0,68
970,DaveSchmick,1,121
971,SMom4life,0,0
972,SGTDanHartley,0,47
973,jccage,13,574
974,travelsofalan,0,17
975,ZForZaraThustra,4,327
976,Anup4u1,0,1
977,Screaming_MiMii,2,89
978,crathob,0,8
979,jcgo9355gmailc1,0,0
980,k8te_mooore,0,87
981,_BrianEJones,0,15
982,PoopySkittles,4,718
983,budjew,0,36
984,NeiceyBrand,0,2
985,Bhlast__,3,396
986,RemyCarolan,1,610
987,GeorgeAlvinNYC,128,18602
988,BBOY1602,1,56
989,philcassen,0,194
990,Jauregui_1994,0,7
991,edaydogan1,3,733
992,JFury21,0,9
993,V3ronzo,0,275
994,jennyannx0,10,879
995,jeremyking05,67,3414
996,MsEricaAmerica_,6,1449
997,rupi1416,32,356
998,GunjanSave,0,0
999,seadoo72,0,79
1000,SomanathSneha,0,6
1001,SquashyPants,2,49
1002,Rocko14351264,0,25
1003,safdiesheaven,40,8014
1004,BPReports,36,3059
1005,monskickz,0,7
1006,RyanKerrigan9,0,473
1007,O_Lordie,2,872
1008,Sabby_____,1,204
1009,Muntez_,16,2237
1010,RandomSarahUK,1,176
1011,AbluntIndian,0,6
1012,Frank64365557,0,2
1013,VIGILINDIAN1,0,73
1014,SovendraJha,0,4
1015,manindraagrawal,0,17
1016,akransu,0,36
1017,SoumikSinha15,0,2
1018,noamdolgin,0,51
1019,ColtonAlquist,1,8
1020,Ihab26279807,0,10
1021,LittleSgtPepper,1,55
1022,DaOnlyNiggaEatn,0,6
1023,Notemily20,0,2
1024,NickisKnight_,0,177
1025,AhmedEl68990094,0,0
1026,caleb94220709,0,0
1027,em_robin_16,0,3
1028,theDonald_Grump,1,10
1029,vitatoe_jamon,0,0
1030,KyleHac94977319,0,0
1031,dan72329106,0,0
1032,Romona95788547,0,0
1033,Journey16476038,0,0
1034,Kortney96526853,0,0
1035,ray_donley,0,0
1036,Crystal28067697,0,0
1037,prazuch_james,0,15
1038,brett_kurowski,0,116
1039,incredibleirian,0,7
1040,SarahAbu16,0,1
1041,Dae501,0,0
1042,CGillustrations,0,4
1043,heta_04,0,32
1044,AsmenAnn,0,12
1045,lagatoprincess,0,27
1046,MaheshBalsaraf3,0,1
1047,KavuriKavya,0,5
1048,4AtruDiva,27,1346
1049,HenryPe60162032,0,0
1050,JWangto,0,842
1051,Surajjh13743676,0,5
1052,Kingofbones900,1,74
1053,Crumpdizle,0,0
1054,Jay14351207,0,1
1055,kinjalmihir,0,4
1056,MukherjeeKeyur,0,6
1057,Indiabigtweet,5,45
1058,doidge_jessica,0,3
1059,Rohit07442892,0,1
1060,mariant23549071,0,0
1061,loofis,0,0
1062,service_fc,0,611
1063,Harsimr09481245,0,0
1064,Beezy2403,1,36
1065,AmairRiama1,1,99
1066,RiquelMaxime,0,0
1067,Jonatha86159042,0,0
1068,fedslana,1,141
1069,VN05398132,0,1
1070,aef819ec79314be,0,5
1071,EAallstar,4,398
1072,ChrisCr19616081,0,0
1073,syedaliasgharra,0,4
1074,brgartist,0,0
1075,ABHISHEK1979MAY,0,3
1076,MarioRiccardi10,0,0
1077,Katlynn71,0,2
1078,Neldo29631666,0,0
1079,djoptico,0,4
1080,iamumar1989,0,15
1081,natipong_w,0,46
1082,benjamintaboga,0,10
1083,PaulSey06641252,0,0
1084,Abhishektornedo,0,0
1085,MaudeGeorgie,0,2
1086,huuhhh97281350,0,0
1087,Twin98111674,0,0
1088,nights_sparkle,0,0
1089,garimagaur8,0,12
1090,theetigerbae,25,1917
1091,123aviraj,0,12
1092,abhisek_4u,0,36
1093,jxsleensandhuu,0,20
1094,PunithReddyN1,0,6
1095,Vivzzzk,4,230
1096,mns3100813,1,225
1097,mike_cardarelli,0,2
1098,RafigAbuhasna,0,0
1099,priv__x,0,0
1100,uwasmyhero,0,0
1101,RayRay54479836,0,0
1102,whatthehank,0,0
1103,Tgee92,6,403
1104,kreativ_enigma,1,314
1105,samuelecannill1,0,11
1106,platinumdiva12,0,1
1107,Purplenugget84,0,3
1108,Oldginner,0,23
1109,badwords_,4,783
1110,mrF3RDINAND,7,421
1111,scion_348,0,17
1112,m198698502812,0,0
1113,SamanthaMedders,0,23
1114,jasmeen09871400,0,0
1115,QNellieeee,0,0
1116,Hema52354178,0,0
1117,smashleycou,2,272
1118,Tav_Lo,0,135
1119,LukeCage069,0,2
1120,LoneStarCanuck,5,139
1121,becbecsbecca,0,51
1122,MahurinHannah,0,0
1123,jon_kraushar,0,58
1124,BANZAIB3N,0,2
1125,hub2asf,0,2
1126,IneedPrinceBack,0,0
1127,Saber4488,0,3
1128,IrfanHu54707781,0,0
1129,KristinaLVA,0,5
1130,ChetaanNT,0,5
1131,christianegale,6,526
1132,ClydePa75026457,0,0
1133,mikaandandrea,0,1
1134,DanA74394105,0,0
1135,cygnetsam,3,207
1136,AnuragAgarwal5,0,5
1137,seenubanarsi,0,90
1138,dmilleraudio,0,13
1139,P29418341,0,0
1140,queenmillie71,0,12
1141,RanaDut89215205,0,1
1142,JosefBellman,0,8
1143,sankhadeepm,0,50
1144,OSulli24,0,53
1145,prateeksaxena31,0,10
1146,VenkatR88384411,0,0
1147,Mercedes__T,3,115
1148,MarAus10,0,2
1149,salmank52212713,0,1
1150,ParthTarapara,0,20
1151,porterjr1213,0,0
1152,gurpal65222602,0,0
1153,Azn_Dang,0,3
1154,Sayantinis,1,19
1155,AlNaiwan,0,1
1156,AjayPod27140319,0,0
1157,BlazinginfernoX,1,142
1158,mikaela88841091,0,0
1159,Index_guru,0,516
1160,jiannyuhw,0,0
1161,ObisamiO,0,0
1162,SucksEats,0,0
1163,marisol_2398,0,0
1164,Qamar77966510,0,1
1165,MOHAMED65932843,0,2
1166,crissyy_a,0,6
1167,SHumphrey51,0,9
1168,MahmoudSoulim14,0,3
1169,Jmccap420,0,4
1170,Owl25853962,0,0
1171,Ashley94lovesu,0,0
1172,AlabbasiRashed,0,0
1173,RandyScorpio,18,806
1174,Xolani81322081,0,206
1175,AAKASHBHARATI3,0,68
1176,AlexMbonga,0,0
1177,DudeDavidTruong,0,2
1178,tired8778,0,2
1179,SandeepGurram19,0,2
1180,a05936920,0,0
1181,TraceyS80015035,0,0
1182,NikolasBro,0,51
1183,brilliantbrya,1,1
1184,Arunend08413678,0,7
1185,vikram70795103,0,0
1186,rajeshkumarsani,0,18
1187,AnnaBrickstock,1,181
1188,LucaRenzi16,0,1
1189,DeepaliPradeep,0,15
1190,YuShi07647154,0,0
1191,n0tynicole,0,22
1192,cammipham,6009,1000790
1193,Sebasti74658635,0,0
1194,rastafarianAj,5,244
1195,InklingStaple,7,39
1196,mgogola,17,800
1197,ZainZ24,0,4
1198,vangi_zuko,0,303
1199,randi08646507,0,0
1200,kamran_kc,0,38
1201,iMoTefa,0,4
1202,mugalo_254,5,203
1203,Shay96683194,0,3
1204,SumRandoHeather,7,256
1205,Morning_Natalie,132,15640
1206,ShamikB92075323,0,1
1207,MasalskiPawel,0,0
1208,suboth13,0,0
1209,DonaldMaulidi,0,6
1210,UnCuTKally,4,655
1211,weedgoku1,0,7
1212,87_side,0,0
1213,J_ward317,1,83
1214,SaveAHeart1,0,0
1215,dougiehd,2,81
1216,mackaroni210,0,0
1217,TahiriSafouane,0,0
1218,AsadKha20478006,0,0
1219,Aloysius3666,0,8
1220,akshat310,0,8
1221,samim22194507,0,0
1222,BLESSEDnTHXFUL,4,157
1223,teathevillan,0,47
1224,MakerRuler,0,0
1225,Eldaco11,0,0
1226,ohsnap_itsron,6,294
1227,owsleyjr92,2,255
1228,peremesd,0,1
1229,thlinh130295,0,3
1230,atwellorama,9,2453
1231,abygaylenorris,0,69
1232,Jared47441146,0,0
1233,Malik84438010,0,0
1234,AFALAMBULBUL1,0,1
1235,KoteGabriela,0,0
1236,HTired89,0,135
1237,FionaPWME,7,577
1238,RiteshKhede,0,6
1239,TesModel3,0,4
1240,Fujin_II,0,632
1241,Akash80232911,0,0
1242,maskazergon,0,4
1243,thedefendorf,0,22
1244,nct833,0,0
1245,JennKate23,0,14
1246,helpmegme1,0,0
1247,lv2u,0,2
1248,Robin_Fussell,0,42
1249,BJONX3,9,209
1250,KollarKollars,0,0
1251,andrewbcrumrine,0,2
1252,JromenJ,0,43
1253,babar1i3,0,0
1254,bbillyshears,1,173
1255,new2stock,0,11
1256,Jirving1101,0,0
1257,VIJAYKUMARHR14,0,0
1258,TammyNO4,0,0
1259,Chandra36083774,0,0
1260,KunalCh16250487,0,11
1261,AshishPrakash91,0,39
1262,actiondan8,1,412
1263,Abhi_Banerjee12,0,5
1264,a_hyperactive,0,0
1265,zaheea01,0,40
1266,rash_is_me,0,98
1267,JMNZNSZN,0,0
1268,JhaMukti,0,181
1269,SlavetoUber,1,172
1270,DrewCDoll,7,1055
1271,HairArt2021,4,241
1272,shahnawazs83,0,134
1273,jcrosby82,6,356
1274,killdbyysociety,0,8
1275,Akashde67220839,0,0
1276,MonarchAdvisory,24,1144
1277,DeepakK38688509,0,0
1278,Tonia06328768,0,0
1279,HarveyWoofDog,0,102
1280,kandakamag,6,1368
1281,abhinavsarkaar,0,47
1282,Hamiidz2,0,1
1283,arghadu09137615,0,2
1284,ReddyRavikanthh,0,19
1285,RentalCarsINDIA,0,7
1286,cafernandz,3,64
1287,iamKona19,0,110
1288,RobertMattar,22,854
1289,MikeAll00411088,0,0
1290,Tahakha37575478,0,1
1291,SnehaMayra,0,11
1292,RaviG68,0,56
1293,roshnikej,0,0
1294,arsh_sisodiya,0,108
1295,ChakareTina,0,0
1296,haydenfusco,0,3
1297,Etechknowledge1,1,45
1298,oscarandresgil,1,98
1299,rishipathak88,0,7
1300,waziralam3,0,4
1301,Daniel97495265,0,0
1302,AmaPomaah_,0,9
1303,punisher0836,0,42
1304,eptihalmuhie,2,641
1305,Amanda1302,0,2
1306,Pinky63967525,0,21
1307,HorsemanBojack5,0,0
1308,DonnieLeeLankf1,0,0
1309,kaocubas,0,1
1310,Carl_T84,0,89
1311,NayakShubh,0,0
1312,vj_vishalvj,0,2
1313,GauravHKalra,0,6
1314,Zakwatson13,0,1
1315,tyrakeshae,0,5465
1316,Austin_Wegener,1,330
1317,Semi_Mod_Dulla,0,27
1318,SaikatG05638773,0,6
1319,saifxion,0,20
1320,kevin_ferrell44,0,9
1321,Empathiise,6,1269
1322,far_sighted07,0,5
1323,ChelseaDSWalker,0,22
1324,sundussbarry,0,19
1325,KadzombeRichman,0,0
1326,masitofrimpong1,0,36
1327,beenboo_,25,969
1328,M4ECU,42,875
1329,lostmothh,1,61
1330,fafdaholic,11,305
1331,CamelSince95,0,14
1332,XiyaKhan5,0,12
1333,proper_muslimah,1,51
1334,sadskyehour,0,6
1335,yameogo79681409,0,2
1336,RyanJon08157167,0,0
1337,BELUVED777,0,43
1338,AAjitabh,0,15
1339,Smit3930,0,9
1340,SwapnilJohari,0,10
1341,iAm_KingDave,8,1276
1342,LrdSmashington,0,0
1343,SteveCoppinger1,0,0
1344,blt69420,0,10
1345,desroshay,0,10
1346,madhukishwar,868,2036252
1347,Sluttypilgrim,4,99
1348,masontherusso,1,100
1349,_tiaspeaks,0,0
1350,StarshimaT,6,1498
1351,Jolzski,0,155
1352,iambarid,0,32
1353,agsmerch,0,27
1354,NicolaBrookes14,0,2
1355,harryor93,0,3
1356,Ihsanul99512638,0,0
1357,YPJ2013,13,268
1358,yankees_chat,28,2820
1359,deepakc582,0,8
1360,Elizabe17085945,0,0
1361,GregSully4,0,5
1362,Katiroseox,0,0
1363,KhaleelAlly,0,3
1364,KaylaVallim,0,0
1365,Ali_Sultan97,0,175
1366,beenaraok,0,2
1367,DiogoMa18726787,0,5
1368,dee67948865,0,0
1369,Star19320707,0,0
1370,Gymtee,0,2
1371,9252768,0,0
1372,roger_lokole,0,2
1373,eddcase1,0,0
1374,baijd,0,22
1375,abkgardner,52,322
1376,richxrdso,0,22
1377,Sabrina96353027,0,0
1378,AhmedSa07071043,0,0
1379,kthh0urs,0,55
1380,BenRidolfi,0,3
1381,KrisDudek,0,9
1382,denaea10,0,0
1383,Joe10635820,0,3
1384,NicanXochicuali,10,75
1385,TheBaconToastie,0,7
1386,KeshiaDeSousa,1,18
1387,IsaacFe40404222,0,0
1388,jp_carreira,9,67
1389,ghuman_baljeet,0,1
1390,ladegafanclub,6,1001
1391,donewithhos,0,5
1392,rydunn,1,82
1393,Emma89103139,0,0
1394,Darin32318078,0,0
1395,Vishal48979155,0,0
1396,_lilwildine,0,25
1397,Harshad26896250,0,0
1398,Deepthi59226703,0,0
1399,John_ExWife,11,1131
1400,MrsKiraly,0,7
1401,1975aregr8t,0,37
1402,aiZfesoY,1,128
1403,talhaajmal2,0,20
1404,Ocramnotgnirra,33,333
1405,sranders77,1,162
1406,Kalimat15199793,0,0
1407,Im_Karrma,2,106
1408,KeanGerard,0,63
1409,PattyLa_Jane,0,22
1410,eater_van,0,0
1411,longers1,78,7136
1412,Amitsharmagreen,0,31
1413,PrasantThakur,0,7
1414,JuanCastanedaJr,0,52
1415,BBMcDee,2,106
1416,ALFARAZIALAM1,0,0
1417,Emmonspired,135,4081
1418,bigsmile144,3,40
1419,ArvindK05789268,0,0
1420,Celewoodm,0,1
1421,rahulvj420,0,118
1422,sunoftheeson,0,53
1423,Deekshith_34,0,2
1424,Wokesanchez_12,0,7
1425,vinzkarl,5,368
1426,beuria_akash,0,2
1427,Tanktrades1,0,21
1428,anujaja,0,1
1429,babbyyycheeks,6,1192
1430,william53991583,0,2
1431,kenjhanson,0,33
1432,bling__singh,0,8
1433,KevinSix18,0,0
1434,CameronVanWyk,2,1218
1435,flaxseedmilk,1,391
1436,Abhiji0597,0,9
1437,Akshat56465511,0,42
1438,_DeMarcusB_,0,0
1439,thatmelaninchi2,0,5
1440,gyoung702,0,3
1441,Wheato_Man,0,14
1442,UberINSupport,36,43774
1443,Vinodkakku,1,71
1444,John61705706,0,44
1445,james121310,0,0
1446,anurag_smishra,12,74
1447,Deep_2_Biswas,0,9
1448,SkcSamrat,0,11
1449,OceansetEmma,0,9
1450,ERamsey10123939,0,0
1451,SachinK14512393,0,3
1452,MurtuzaBootwal1,0,0
1453,suryaviraj,0,4
1454,PenroseKirk,0,0
1455,JohnPie00834352,0,0
1456,Edwardw83,0,6
1457,MrJohn_B,1,133
1458,Eshwarchandrapr,0,1
1459,AnubhavBhatia99,0,10
1460,Mausin_Chhipa,0,196
1461,judy42104,0,0
1462,travofoz,6,322
1463,christiaanmeyer,0,68
1464,TheeBarberDoc,0,5
1465,Rachel25558900,0,0
1466,immnmishra,3,18
1467,eliyahcodex,1,167
1468,LiamShi3,1,16
1469,lizzy11965386,0,0
1470,snnood,0,7
1471,anirudhvem,0,3
1472,roeravid,0,46
1473,JayStirling9,0,8
1474,rosaboots,2,233
1475,onilanre365,0,15
1476,bijoy_prasad,0,36
1477,rodeodove,0,0
1478,aidanbell0,0,1
1479,Lizzyslates22,0,18
1480,AllHailQueenRed,0,343
1481,amrish1304,0,46
1482,suhIut,26,702
1483,apang_ttc,0,3
1484,ReddypallyRahul,0,28
1485,Brlnt_Bhrtvsi,0,6
1486,mka1964,0,13
1487,archujb,0,107
1488,avising85155894,0,0
1489,chakraborty_s2,0,1
1490,jefford_chris,0,3
1491,pradhan_yukti,0,37
1492,DopeMoneyGoals,0,1
1493,Rob89586239,0,0
1494,finest_fantasy,0,0
1495,Denmark786,6,71
1496,Cindypeach0,0,10
1497,Jade28603783,0,4
1498,RobertsWBA23,11,886
1499,GCBSTAR2020,0,7
1500,JuliaAn18208043,0,0
1501,carmenn43904899,0,0
1502,cr_newyork,0,2
1503,Fay60994725,0,1
1504,Tribal_Anarch,0,3
1505,sakhan92,0,8
1506,AnAnTh18225529,0,0
1507,greenfreeman12,0,31
1508,crystalyeoman__,0,4
1509,md_nicolae,0,30
1510,mac_matz,12,703
1511,raiderdogg2k3,0,4
1512,chrisdolmannn,0,0
1513,EnidMelendez20,0,23
1514,MarkFar89214893,0,1
1515,Kylie91974619,0,8
1516,nakedshorts1,0,0
1517,judeaberdeen,0,1
1518,CallumMilne20,0,2
1519,BiteSizeOreos,2,450
1520,kaitlynpaigeh,1,146
1521,beswick_donna,0,2
1522,Coatedkisses1,0,1
1523,the_Sagrawal,0,0
1524,simarsi20176462,0,4
1525,jaredfowler19,0,5
1526,pablo3479,1,596
1527,LascoLiyaya,0,1
1528,SueKahler1,0,1
1529,M00NxBEAST,1,26
1530,marchesi21,0,2
1531,O_Vizzle,3,297
1532,JonasSi36374287,0,3
1533,sarahwarhol19,0,1
1534,DrinkLiftGamble,0,23
1535,BTSchefArmy,0,356
1536,neslugo1927,0,0
1537,Christy00216303,0,2
1538,_Desura,0,0
1539,JAIPALS98940348,0,2
1540,KClarksonGaming,2,113
1541,MdUddin01689974,0,4
1542,Aoknight,0,19
1543,Tanveer83390443,0,9
1544,vivekRa10480626,0,0
1545,SarahBoughton9,0,0
1546,RubenAc90684840,0,0
1547,yur,0,0
1548,Tailynnrenee,0,93
1549,harman973,0,1
1550,SecretoDeAmorS2,0,0
1551,MyOwnBelief,0,4
1552,beckybabyxxxo,0,1
1553,GlossNBlush,0,92
1554,ibsdadon1602,0,4
1555,KSharifan,0,0
1556,6athory,0,16
1557,harjani_deepakk,0,2
1558,NehaJyotiPrasad,2,99
1559,_bnovc,0,10
1560,gmathur19,6,148
1561,Zumbulche,1,127
1562,haleythefifth,0,142
1563,khalid_tatheer,0,5
1564,James_Orcutt,3,66
1565,LeighJolley,0,0
1566,RobertH63447425,0,0
1567,KG16417802,0,1
1568,BxPineda,1,609
1569,avinashdas,0,8
1570,Alysone33580046,0,48
1571,eyeslaser991,0,14
1572,TumpaleKalinga,0,1
1573,ThatBookGlow1,0,0
1574,jiangttttting,0,0
1575,manon_jasu,1,10
1576,_michvv,0,20
1577,Jamie66336228,0,0
1578,iamalitahir,0,60
1579,whatsacapper,0,22
1580,basicbitch616,2,674
1581,ShadanEqubal1,0,103
1582,4dpeople1,0,2
1583,kruthan,0,25
1584,LyndaSm42665114,0,0
1585,atlashrugged__,2,83
1586,dan592,5,290
1587,XUmuskies52,0,5
1588,Brandon92224590,0,1
1589,Mostafa75493604,0,1
1590,JoshSte77366681,0,0
1591,ShyamSh52031114,0,5
1592,I_Do_Badges,0,2
1593,jtroozy,3,164
1594,NNuwomi,0,0
1595,AOLuther,1,11
1596,nomorefreekey,2,302
1597,Dooklyn,0,55
1598,KumarNishantneo,0,6
1599,woah_nessa,5,1252
1600,KatrinaAmin2,0,0
1601,piyushdehri,1,25
1602,RianneWilkinso2,0,0
1603,RonBoone11,0,5
1604,Arsh_Dhaliwal94,0,0
1605,tamaghna_mandal,0,43
1606,csneerajsharma7,0,31
1607,rodrigosabato,0,2
1608,CatherineGurner,0,84
1609,RedYo_,0,4
1610,AnilKwatra6,0,1
1611,vrmkalluri,0,33
1612,chandnatanvi2,0,43
1613,sohanv86,0,5
1614,betzyyaniree,3,205
1615,SrShahbaz96,2,183
1616,Alexand78748016,0,0
1617,seanspellman701,0,67
1618,ArtemLux_,0,13
1619,vuyelwa_duruwe,0,255
1620,TatedChirag,0,7
1621,ahasan_sumon,1,54
1622,SreyasiSarkar8,0,0
1623,Jessica92805585,0,0
1624,EddieBurnes,1,5
1625,RohanGu82349090,0,2
1626,Larakate,220,15912
1627,Userfriendly01,0,1
1628,212killakam,4,615
1629,topoftheprops3,0,1
1630,SaiSangha,0,4
1631,heidi_skinner18,0,2
1632,oldkhann,0,1
1633,s3cr3tag3nt,31,504
1634,agayemo,8,326
1635,CameronRainbow1,0,23
1636,miacat0806,0,18
1637,GhostKrome,0,1
1638,jojoy000,0,12
1639,MUxtoe01,0,5
1640,bbkian_,1,38
1641,McgaheyNix,0,0
1642,AshleyB85439974,0,7
1643,Harshang26,0,15
1644,DebarshiM_29,0,5
1645,CouchCarlee,0,0
1646,Atef48016109,0,2
1647,Wstend1989,0,0
1648,LyndonYRB,0,45
1649,Avvito2,0,0
1650,Jack49813056,0,0
1651,stephan05209889,0,1
1652,ashhole1214,1,12
1653,Shauryayawhaaat,0,70
1654,Ms52843488,0,0
1655,Shanthosh1805,0,2
1656,JlPPS,2,1543
1657,M7mdqh,0,0
1658,JunaidMohd12,0,24
1659,Flatton4,0,0
1660,Queenalysaj,0,1
1661,PushkarTweeting,5,123
1662,shawn89609936,0,1
1663,Mikegamesbadly,0,21
1664,autisticmommaxo,0,52
1665,errrhaan,1,153
1666,AngelaHain4,0,0
1667,ashhleydupuy,0,48
1668,MMadden44,11,1392
1669,CrystalChe12,0,0
1670,AguileraJoseph,0,12
1671,guanmingde,0,7
1672,GgVerso,0,0
1673,j_bugden82,3,67
1674,choatNC,0,4
1675,N3RKYPLAYS,5,286
1676,Josh21961622,0,0
1677,Shahisharan1,0,7
1678,theatregrl1216,10,232
1679,3stagesofgirl,2,252
1680,lvs2crnr,0,37
1681,b1bingo7,0,1
1682,WolfysLife,0,0
1683,Mohamed03804323,0,8
1684,Aaliyaa1x,4,685
1685,Matthew68084878,0,0
1686,Lovepreet_1990,21,857
1687,ThatLizardMan1,0,0
1688,afmoss10,1,166
1689,tashaperry83,0,6
1690,Abrar61099205,0,0
1691,Kunu__69,0,32
1692,JohnTartaglia,16,375
1693,happyblisslife,0,3
1694,costrowski,0,169
1695,dHudds,0,539
1696,watermelovsarah,0,79
1697,Tina29206317,0,0
1698,ladyolay,0,33
1699,Jasim_ANJ,0,17
1700,Krys_Ha,0,66
1701,lisaaaa5674,0,0
1702,findsomebzness,0,14
1703,bombvivant,1,41
1704,bill75787972,0,20
1705,itskatnotkathy,0,3
1706,JSOLLLLL,0,11
1707,KrystianYuJin,0,77
1708,Ryliev41,0,0
1709,danemartin110,0,0
1710,gabsmandelli,0,24
1711,Pierre00113534,0,0
1712,GL0_Lotta,0,65
1713,Imsr1dhar,0,14
1714,singhja99978667,0,0
1715,vanessa_rath,0,52
1716,brandimb14,1,544
1717,David50589345,0,1
1718,FrauWater,0,0
1719,actous2,0,7
1720,9lru7hu7Kb30xG4,0,0
1721,dinesh_gosar,0,78
1722,DevlinWilder,59,1786
1723,chanangad,0,68
1724,jonoY65,0,1
1725,jeebz_19,0,6
1726,gurnams63743358,0,0
1727,SaxSofon1ero,0,17
1728,Srikant94844203,0,3
1729,khanmohdtayyab,0,43
1730,PhilOProduction,9,267
1731,Shuraluv,1,46
1732,FurankuFrank777,4,2
1733,IamMrSuri,0,24
1734,Lokman48448952,0,0
1735,Felix63611850,0,1
1736,DHEERAJ303L,0,2
1737,SAKRAMBANOTH2,0,0
1738,aviancp,0,2
1739,TheMrsMatthews,6,171
1740,SwatiSr78281405,0,1
1741,KharonStyx2020,0,0
1742,RikGurp,0,0
1743,Anshuma29437040,0,0
1744,DeepakDua7392,0,6
1745,fi_saunders,17,1137
1746,mikepaterson,8,383
1747,mathewtisdale,0,5
1748,Gaskell9,0,468
1749,SundarrajNagar1,0,1
1750,HONEYEDYOUNGJAE,3,503
1751,GalaJenisha,0,2
1752,FarrukhGPL,0,155
1753,DevasenaBalasu2,0,9
1754,nathanjessep87,1,67
1755,SachidanandTri9,0,35
1756,spinningspoon5,0,1
1757,TinaSkates1,0,4
1758,advise_law,3,37
1759,ali_hafi,0,17
1760,Ezzmundo,0,567
1761,m_moore13,0,2
1762,Chris44285968,0,38
1763,MarkCollins1992,0,170
1764,MtamandeniK,0,1
1765,ammarr_aripin,4,80
1766,BhuwneshThakur,0,3
1767,SamStone89,0,1
1768,Bala53181477,0,1
1769,Abinashsuman,0,24
1770,DeAngelo202,0,5
1771,avi_mukh,0,22
1772,MorenaNzimande,0,1133
1773,SuperJaackk,0,95
1774,Stephen79644691,0,0
1775,epidome1,1,14
1776,Prosper87062197,0,0
1777,who_is_mr,0,14
1778,thread_this,0,2
1779,twikh3,0,0
1780,Adhurikhwaishen,2,60
1781,_kayyluv,0,119
1782,crazycat112177,1,29
1783,ancapzoneofc,0,14
1784,lechuzzles,5,508
1785,jhordandavidbo1,0,11
1786,Ray33917342,0,0
1787,baileysmusical,0,5
1788,KemyataB,0,0
1789,bingjiang99,0,0
1790,Pathanmiyagayaw,0,14
1791,Manisha844,0,19
1792,7mmd2,0,60
1793,aliza69761853,0,0
1794,LuisTeran93,0,110
1795,Zureena_S,0,113
1796,hazelhcchan,0,2
1797,AuroraMaley,0,1
1798,DXBRAJA,5,69
1799,JeffFriendly,0,15
1800,MsnAtif,0,2
1801,hawa06649825,0,0
1802,EndlessPenguin,0,23
1803,clipsyDinesh,0,14
1804,RyanSmith1325,0,240
1805,LorenzoColo1,0,0
1806,RegularReh,5,2994
1807,mo55tar,0,5
1808,FGuyott,0,0
1809,deepgurung94,0,52
1810,glamoreskins,0,1
1811,kasrticsharma,0,8
1812,cindyfsolomon,3505,4548
1813,adi190290,0,20
1814,Listen2Juju,11,5363
1815,premkum62333618,0,10
1816,DavidBardsley12,0,0
1817,SharonCunning17,5,16
1818,stephelectric,0,49
1819,bipolarminddrop,1,29
1820,cdoo_bar,0,159
1821,jennyhall3008,0,2
1822,pmirjolkar,0,0
1823,reneloubisnar,0,6
1824,IrritatingBoyTy,3,240
1825,bluedev31506971,0,0
1826,HritusmanMedhi,0,0
1827,LyndseyForsyth,0,0
1828,saadnabs,5,123
1829,DillonAndrewP,1,246
1830,llcoolmloo,0,296
1831,AasifSayeed2,0,24
1832,savage_star37,0,8
1833,NosyObi,0,5
1834,macabretraveler,0,4
1835,Quintin77805467,0,9
1836,Hp19506228,0,0
1837,Damion_T12,0,10
1838,LaleleiElle,0,418
1839,sofiane20dz,0,3
1840,bella_bella_00,0,9
1841,mellenns,0,3
1842,mpk730,0,63
1843,Thagda202,14,242
1844,badbillyx,0,7
1845,NArmstr61442447,0,1
1846,DiazSoranyi,0,15
1847,CoffeeMe911,0,12
1848,kels04743179,0,25
1849,SakshiDhanuka6,0,0
1850,JWFumes,0,12
1851,Erinnnn_e,1,1604
1852,kumalc_,0,5
1853,herpaderping,0,11
1854,Jordan13Coops,10,4045
1855,KoalinhoYolohei,0,33
1856,_kate_baker_,0,110
1857,docbarrantes,2,113
1858,xPrettyPillsx,5,122
1859,KevinSCullen,0,6
1860,acidrub,0,0
1861,CMatthews55,1,129
1862,TheZain_Kapadia,0,22
1863,DarrellBouldin,95,2035
1864,Christy52688128,0,1
1865,JenniferAlfon11,0,2
1866,Aelarie1,0,12
1867,jbandin78,0,4
1868,aguilmineau,24,646
1869,sourjiu,1,70
1870,manoonzara,1,1232
1871,AppleMusicTV,0,2
1872,corenacharles,0,0
1873,triisham,0,148
1874,TheeeStyleBitch,1,517
1875,Odagled81,0,1
1876,AContrerasVE,0,1
1877,_PrettyNPlush_,14,814
1878,SHANTIGOPAL01,0,23
1879,SkoWifey,0,95
1880,abelnine,10,162
1881,parachute_girl,0,71
1882,DonRodriguezES,0,2
1883,bdbaddog,13,199
1884,PrashantBanerj8,0,0
1885,BetaBoyBlack,0,19
1886,BalinaVitorino,0,2
1887,Dodgers4DaWorld,0,26
1888,drewnelson3d,0,1
1889,ashleymarieh,6,611
1890,witchywoman2009,1,12
1891,dajovajr,0,117
1892,AdrianMatache7,0,0
1893,HaydnSchneider,17,53294
1894,elconnoisseur,4,196
1895,generic_dreams,129,8090
1896,EBNYVIXXXEN,13,953
1897,imkanssible,0,0
1898,carinaortega07,0,10
1899,MaR2307,0,40
1900,JorgeDelg7,0,12
1901,ankitbansal171,0,1
1902,MrWillieJones,6,306
1903,Irving8223,0,1
1904,camiusv,0,18
1905,workingmommylah,0,13
1906,leeukksa,0,35
1907,NicholasSumne12,0,0
1908,luksibilia,0,5
1909,Garcia22Mariel,1,39
1910,kosak88,0,29
1911,KLucasMillbrook,0,129
1912,Angelic_XT,0,97
1913,rea_zon,0,1
1914,Jorgen78887838,0,0
1915,StormtideG,1,15
1916,Matthew82385841,0,0
1917,ElCorboLoco,0,8
1918,jon5c,19,209
1919,matthgt,1,94
1920,TheRealChaotix,2,97
1921,lilbbygrlxo,0,214
1922,Glaakso,0,67
1923,SadCustomers,1,883
1924,ShyamSh94109911,0,1
1925,CookieCasia,3,122
1926,NareshT98483726,0,10
1927,RJdaboy,1,1336
1928,Jokerstars_CEO,0,16
1929,prettyybynature,0,64
1930,divyanshu_nd,8,998
1931,AbasNasiro,0,10
1932,n0rmannnnn,5,299
1933,ManasSinha45,0,33
1934,munza14,83,20815
1935,thatiskesh,0,2
1936,kha10835282,0,0
1937,Jn0kuy77,0,3
1938,sunil19sandy,0,32
1939,MoegQxeen,0,158
1940,the_mehreen23,0,116
1941,jenregina85,0,0
1942,_HippieLiving,2,1625
1943,daddypazuzu,0,36
1944,fazil03,0,382
1945,vicky_kamboj13,0,20
1946,ruarusmman,0,27
1947,garggprateek,0,11
1948,iHEROttv,4,528
1949,KalhanRan,1,70
1950,PriyankaDeo16,0,7
1951,rus_bruce,0,3
1952,ucbbenet,0,28
1953,akj_1981,2,655
1954,BarbsHoneycutt,7,154
1955,laxman_suri,0,30
1956,heyhunley,2,30
1957,ImNotAGlitchGO,3,60
1958,abhijeet__sonar,0,4
1959,mayukh77,6,280
1960,ibrahim07875768,0,0
1961,bittubittu,9,196
1962,Walkindeath1,2,97
1963,stadtrucker,0,1
1964,drummerghera,0,4
1965,amitmalviya1984,0,39
1966,FiorellaGiordan,10,169
1967,justinthomas504,10,205
1968,nathanprestin15,0,9
1969,deepak_s_2000,2,69
1970,SumitZSI18,0,9
1971,Cult_Angel,1,197
1972,CommonStatisti1,0,0
1973,subhankar012,0,39
1974,JohnnySpurs1882,0,0
1975,Yokenth,5,213
1976,shreyarc,1,34
1977,DEBAPRIYA1988,0,0
1978,abhiikaushikk,0,26
1979,meowrika,3,88
1980,ArvindNarayana2,0,30
1981,UthmanYussuff_O,1,389
1982,payadhi07,0,32
1983,Ionavelo,1,143
1984,IvonTreuberg29,0,0
1985,ranaji_0707,1,86
1986,OsrykGaming,0,0
1987,DGuaderrama,0,0
1988,ChennupatiUday,0,26
1989,sachin_kailvita,1,21
1990,MrViraj,0,12
1991,gravedancer___,0,196
1992,Sebreena3,0,1
1993,krantikoganti,0,5
1994,Rob_Aris_,7,363
1995,rohit_singh1409,0,32
1996,riyakumar2001,0,100
1997,Jst_Abhik,0,14
1998,AdwMacs,0,21
1999,DawshaSaid,0,0
2000,ydvamp,0,24
2001,Honest_FUT,1,312
2002,ideepsharma2,0,0
2003,LeoSilvagni,0,4
2004,Dale67300682,0,2
2005,amitavakundu83,1,54
2006,TheOtherDan,3,139
2007,OneTimePantsula,0,14
2008,blackacidrock,0,4
2009,rishavjalan26,0,12
2010,EmperorParsy198,0,51
2011,AnujRaj01,0,63
2012,vm_sandeep,0,40
2013,anweshaitis,0,12
2014,PerthLuxe,0,0
2015,Abel_Seloane,35,10589
2016,ughramik,14,8239
2017,malapane_peter,0,1
2018,markralston78,0,4
2019,psstimbatman,1,289
2020,kenny1ronald,0,24
2021,DanielKearney,6,166
2022,Ishieta,49,1453
2023,Ola_tbronx,0,62
2024,OduyelaSeyi,4,686
2025,tboyisyours,0,24
2026,matdel69,0,1
2027,mickele80767687,0,5
2028,RWrambles,0,0
2029,JL3M0N5,0,14
2030,Junut1999,1,8
2031,AshCatchemAll0,0,8
2032,BurmeeM,1,52
2033,Harpree95928765,0,0
2034,themilkyoneja,103,19036
2035,BorderAlice20,0,0
2036,shreya_1710,2,37
2037,xpsven,0,28
2038,GauravKothariGK,0,1
2039,crhiled,5,25
2040,vvHhDOj6ZpOvv53,0,0
2041,nar_raghuram,0,3
2042,teebeeandtammy,7,1407
2043,MarraBob,0,173
2044,twospottedogs,0,1
2045,Sanjeev77886883,0,0
2046,GetThoma,4,214
2047,CNelson08692805,0,0
2048,Rishsahab,0,70
2049,SmilingEyesMdia,0,47
2050,rirahul6,0,37
2051,tanith_f,0,3
2052,AEronStrife2,0,0
2053,JohnJen20317873,0,0
2054,NewsCapGroup,25,1299
2055,AgunabuC,0,25
2056,99Tahona,0,3
2057,Scott21594236,0,0
2058,rteja0812,265,842
2059,ravi3p431,0,15
2060,kmazalewski1,0,11
2061,B3nRob3rts,0,7
2062,Adityakhemka16,0,158
2063,meghmala123,0,0
2064,walshjp,24,267
2065,rosieellensays,484,872
2066,samanthabueno91,2,356
2067,Darren96white1,0,2
2068,Vinaysh96437585,0,2
2069,wenchwoman777,0,20
2070,vipindutt27,0,12
2071,JamesBerdd,0,66
2072,NezinCory,0,1
2073,nosbeto,1,67
2074,Hay_Leader,3,401
2075,El_Lloydie,16,370
2076,LDNtoBrighton,26,1207
2077,gambhirjoker,0,59
2078,jpennantj,0,115
2079,ajr_codes,0,136
2080,abhigoyal2708,0,23
2081,Jasdeepmajithia,0,11
2082,shonaconceited,0,1541
2083,YungWyattEarp,0,15
2084,Gaby74871246,0,0
2085,FlyHiFreeBirds,4,336
2086,miz_kachii,8,1130
2087,OwsleyJr,0,18
2088,ameerah_imam,0,228
2089,RGXtFLhXrMU0sDR,0,0
2090,KyleSavv_,2,1060
2091,Neerajneer91,1,180
2092,djhaardy,0,53
2093,Leo85854860,0,0
2094,Fred32111009,0,0
2095,aston_carr,1,405
2096,mercerch,66,1187
2097,tyagishubham25,0,1
2098,ariojosdemiel,0,61
2099,sandropace,4,55
2100,RobynPlaysGames,0,70
2101,BradyKi32495771,0,0
2102,AlexanderBagge,0,1
2103,Glen29970713,0,0
2104,JasonGehrmann,79,201
2105,TheeOnlyHippo,0,80
2106,babitasinghtal,1,171
2107,RandeeSchmidt3,0,11
2108,qadiir__,0,104
2109,ralfbuescher,5,50
2110,Bo7mooh,0,51
2111,SuckMyDizzNic,11,2072
2112,SmashlyDUBLjugs,0,37
2113,Jazminzm75,0,1
2114,duelking13,0,55
2115,thekimberleyash,7,317
2116,niggato18349787,0,0
2117,shrutiijain,2,116
2118,biancatburke,0,4
2119,erictainment_,0,104
2120,PramodDabholka5,0,0
2121,linktoankush,0,2
2122,beersenpaii,5,143
2123,jim85bob,4,134
2124,PPVillafruela,3,19
2125,tomcauser41,0,6
2126,terryberry410,1,24
2127,Christi89209347,0,0
2128,Boparai99,0,12
2129,lesliedharris,3,123
2130,pramodjadhav99,0,13
2131,JusMe_Krissy,2,118
2132,capitalcalculus,180,16808
2133,MrWorst11,0,2
2134,Npenns,1,185
2135,JakeHatfield48,0,10
2136,stg_reigns,0,3
2137,charm_royale,3,340
2138,abdulla74059465,0,0
2139,FeliciaChenai,0,406
2140,JackMiles86,0,2
2141,HariKGayatri,0,17
2142,DalyaAglan,1,57
2143,DavidPe74413408,0,0
2144,dr_sonagara,0,38
2145,AdemsWorld,5,165
2146,MandiSchu84,28,648
2147,GermanVazqPhoto,1,340
2148,MacsJamTracks,0,17
2149,khusnoor_khan,0,15
2150,Ella_CR1,6,186
2151,N0rth3rn_Monk3y,0,11
2152,Kwamelincoln,0,50
2153,cyclegigs,1,99
2154,suziebasak,0,25
2155,Punkofliberty,0,49
2156,Rahul22265348,0,0
2157,Nurulia45920977,0,0
2158,MattGreen914,1,208
2159,Enjoli311,1,74
2160,BarryToTheB,4,121
2161,me_Roushan,0,8
2162,helenhangs,0,7
2163,Kalogo_Mojalefa,8,6051
2164,DavidvanEcke,0,6
2165,carpitweets,0,34
2166,DhaifJassim,0,4
2167,TimEdmonds20,0,4
2168,manisha0692,0,29
2169,Frankth43458291,0,7
2170,DannyPa19894831,0,7
2171,ConnorRupertHS,0,34
2172,VersatileMe17,0,0
2173,JyotsnaShelley,1,465
2174,KevinHank777,0,7
2175,frankyfilm,1,215
2176,terri_heiges,0,6
2177,JarradBarrett,0,30
2178,ernestocontrer,89,3612
2179,raj_aich,0,61
2180,lindshopewalsh,3,81
2181,AsharRahul,9,114
2182,iDeivis,1,19
2183,abdullahmans2,0,919
2184,censorsaredumb,0,78
2185,travisFTN,2,84
2186,introspekt408,0,3
2187,courtneytrusler,7,702
2188,BRONZEDBARBIES,0,129
2189,ChristieGrant,1,241
2190,tombraider1985,0,1
2191,2019Express,0,7
2192,Hayley1408,10,430
2193,canagaratna,1,20
2194,Tasha_Shar,0,62
2195,DestinyWeldon5,0,1
2196,searlis11,0,9
2197,vick42031,0,0
2198,REBECCA65446650,0,0
2199,zeeshan90995897,0,1
2200,JWReichertMN,3,74
2201,Duhktape,4,122
2202,usaeed338,0,41
2203,sorayagiaccardi,0,347
2204,Zingabails,1,313
2205,IrfanBablo,0,21
2206,_scarterrrr,8,1027
2207,rhikerry,0,28
2208,skaijackson,271,718839
2209,MrKWatkins,16,288
2210,farriyasir,0,29
2211,CorinneAselin,0,55
2212,JustBeingWally,5,34
2213,prstudx1,0,5
2214,Dame10642770,0,3
2215,holybieber20,87,34831
2216,Amy21669823,0,0
2217,NsfAnthony,0,435
2218,katie_paulison,0,2
2219,cherrman_8081,0,2
2220,silverlily23,25,169
2221,JorgeCorrales,20,589
2222,sadiecastoro,1,148
2223,CoolCareless,0,28
2224,PriyeshPriyada6,0,10
2225,Henny57114351,0,3
2226,bptexan,1,15
2227,_McTim,11,493
2228,vclay72,0,1
2229,gomeztiddies,15,1007
2230,harshdeep_ahuja,2,2649
2231,HarishVanapart2,0,1
2232,Venswa61,1,134
2233,Benjiwopp,0,24
2234,TheMAGASlayer,0,19
2235,AndreiiaSilva,1,560
2236,iamkpodo27,0,64
2237,DionneStallwor1,0,43
2238,Xo__Jenny,1,312
2239,ItzS03,0,10
2240,saxofenris,41,698
2241,HaileyB04895324,0,0
2242,miss_nightowl,26,1153
2243,Iemonsweets,0,6
2244,Saadi70701206,0,7
2245,Gr8LakerGaming,1,45
2246,Mujeebsyed123,0,10
2247,AshleyD28356346,0,0
2248,TheFlashfan10,17,1697
2249,suman641,0,73
2250,brittuhnee_,0,12
2251,scottpiebenga,6,489
2252,Shailendersharm,0,17
2253,vickymiller007,0,31
2254,toledofernanda,9,2825
2255,Krishvarun90,0,0
2256,theEagleBay,0,9
2257,Persimonka,0,10
2258,joseph_akilah,0,7
2259,VickiVoluminous,0,10
2260,TechnicalAIC,0,9
2261,TheCarlaMarieee,3,260
2262,ahmedeljefe,0,9
2263,After50Shadeso1,0,0
2264,dustintclee,0,52
2265,sara_segundo,1,38
2266,Crowned_Jerr,3,730
2267,MrCheezal_Lando,2,40
2268,SBrotendo,5,81
2269,melvin01853968,0,0
2270,suvibadra,2,111
2271,xosaveyourtears,32,3670
2272,sarahhh_jpg,1,17
2273,JoshuaL15785699,0,1
2274,MayankNehra18,0,14
2275,Cali49659938,0,0
2276,meghandeirdra,1,58
2277,Raxwell_K,0,1485
2278,bm_kass,1,609
2279,EvitaEsq,0,186
2280,punchybastard73,0,1
2281,Kid_Churro,5,577
2282,xpapox,1,78
2283,simplysahaan,0,134
2284,CryptidFenic,1,56
2285,ChrisBalllin,3,131
2286,goddess_hylia_,19,3061
2287,redherring23,11,369
2288,yunjin97637781,0,0
2289,therobinboynton,0,8
2290,3ebfandan,2,77
2291,mg29th1,0,148
2292,TokTicker,0,5
2293,honbrepalitox,0,1
2294,Harvind87941684,0,0
2295,ShellyK69634127,0,0
2296,JustJess_B,0,187
2297,lysseden,1,1363
2298,directedbydanya,24,242
2299,SpeakFearless23,0,4
2300,maze_jamil,0,0
2301,Stefann1979,0,32
2302,smeyerpasco,0,2
2303,dcolom13iar,0,53
2304,nisman498,0,1
2305,KayDizzle_01,0,55
2306,robharv97,1,213
2307,koebelmi,0,0
2308,BiteMe_Yannie,0,141
2309,GeoZaroff,4,410
2310,dogfaceray,0,10
2311,MelyMelsZ,1,28
2312,gambrellio_,0,23
2313,Parkii3,14,65
2314,StudioD3Z,3,62
2315,probablyaparent,1,83
2316,EmmaBettyHughes,16,317
2317,of_veggies,0,2
2318,erinepritchard,5,182
2319,GOLDPRI46438245,0,1
2320,radelster,1,46
2321,mehtiskay,0,0
2322,valentina_beana,0,20
2323,ThienNa75110517,0,0
2324,MrGerbik3000,0,28
2325,HehrSandeep,0,2
2326,Jaynecutrone,0,3
2327,om_orowao,0,5
2328,johnwpimiento,2,41
2329,KillaTart,0,83
2330,sssoheilaa,0,12
2331,Rajnikantgiri6,0,0
2332,PepsiiiColaaa,0,14
2333,ItsVenus89,1,813
2334,Muskannarula10,0,4
2335,BennifromBenin,0,140
2336,DanMichelV,10,361
2337,utoepeea,42,2068
2338,aloha2126,0,9
2339,friskuuuuu,0,10
2340,shingnai,0,7
2341,Tou88970306,0,0
2342,KirklandFahey21,0,60
2343,The_Luke_Wilson,35,1354
2344,vali05,0,58
2345,brewnas,164,2622
2346,switzerconrad,0,0
2347,Whyvoni,21,405
2348,SpiderKeithLutz,16,1024
2349,WonderWheeled,0,1
2350,iamcalliegray,4,135
2351,maceyyjames,0,527
2352,SSinha011,0,8
2353,dexterbrownfoto,35,651
2354,sumit_singh317,0,4
2355,Johnpi32,0,4
2356,Bj10633103,0,0
2357,lindsay497,14,242
2358,wakethehealthup,0,1
2359,schumann_maggie,0,8
2360,issahendrixxx,15,2092
2361,guezkun,0,51
2362,baldgalnaj,7,895
2363,Doctor_Witt,3,271
2364,NagashreeRaj01,0,81
2365,RaunitRon,0,2
2366,phlsfo,26,425
2367,reachdebjani,32,733
2368,MsSaulsby,3,454
2369,Djrastakid515,0,40
2370,jeeveswilliams,161,7859
2371,izuduuu,0,200
2372,mikekingkong3,0,0
2373,benlee90,24,227
2374,BourneFresh,13,654
2375,shop_greek_ish,0,0
2376,rdb11012,0,53
2377,sagarsoni144,0,7
2378,5t0Ba6QDN1yqeUv,0,0
2379,rhythmnation,48,1074
2380,Thomchow,0,2
2381,SamratDutta1307,0,10
2382,Menna52743306,0,0
2383,AaronHa99514664,0,1
2384,Mohdshazeb71,0,60
2385,kelona_renee,0,234
2386,abhiarmy007,0,5
2387,Alex51354835,0,1
2388,OscarLo31708097,0,0
2389,simmons_ritchie,0,0
2390,KK66650581,0,0
2391,Yolo90069420,0,0
2392,labotomie,4,716
2393,BkChoudhary0707,0,16
2394,Hovhann30359211,0,1
2395,SouravBharati,0,1
2396,anujaga92,0,31
2397,imsubhoghosh,6,339
2398,realgeminusbdm,0,3
2399,Sihle47868395,0,0
2400,jonas45789,0,1
2401,LilTyTySOS,2,19
2402,MsaniLungani,0,8
2403,hezako,4,84
2404,tinkerslass,2,208
2405,shail143143,0,1
2406,prateekgoel09,0,14
2407,yeetosin,0,25
2408,shalu_10,0,27
2409,Lynnelitterpick,0,252
2410,ola_supports,50,102113
2411,VimbeVincent,0,46
2412,thandiforkeeps,2,1057
2413,salem57662732,0,6
2414,JRCullingworth,0,11
2415,RNegi1984,0,2
2416,Imran28783848,0,4
2417,kiransa30588255,0,0
2418,RubyDas32,1,75
2419,ashadeofdark,1,42
2420,Axa9WCCjjY97mrf,0,0
2421,CDrolia,0,14
2422,swaranjitkohli,0,34
2423,Purnend69712279,0,0
2424,Vikas22481625,0,0
2425,NOTOxxyJ,0,560
2426,Saloni65079727,0,0
2427,Zirachukwu,5,5678
2428,Nitinvm1,0,1
2429,Bheka93835352,0,1
2430,ArpitMa28509962,0,1
2431,MuktarJohar,0,4
2432,travelwiddriver,0,6
2433,fumeblanc83,0,0
2434,Hi_iamnishat,0,79
2435,Afework14534516,0,1
2436,Bongani81861957,0,33
2437,aady22,0,54
2438,alanwhite12332,0,340
2439,shirseendub,0,1
2440,Godspeed_Dev,0,35
2441,Mnasirbuttt,0,3241
2442,NavneetDutt1988,0,7
2443,candicin_roy,0,3
2444,elopezbil25,1,61
2445,kisssmyjass,4,126
2446,Bonnie23644652,0,0
2447,Michael92552165,0,0
2448,Eduardo20262248,0,0
2449,AkshayC10710555,0,0
2450,Mohamed24241941,0,0
2451,DeniseB28480321,0,677
2452,medico201734,0,12
2453,signature1984,0,20
2454,manishjn07,0,4
2455,MiaLossen,3,162
2456,SxFHBUffxT0OmU4,0,1
2457,ToniZiska,11,397
2458,ihiogu,0,4
2459,haileyxxjane,0,25
2460,alldaybadmood,0,75
2461,kookillusions,10,400
2462,RTraductor,1,37
2463,SUNOOSTONE,0,120
2464,Anthony20170608,0,0
2465,scencrytae,8,1709
2466,JatinSh46345048,0,7
2467,P3drohen,0,6
2468,TamoghnaD,0,32
2469,dappymosh,11,1153
2470,RyanMpatrick01,0,10
2471,BH80121,0,1
2472,Stark_SM,0,14
2473,SubhajyotiGho20,0,0
2474,parmasean1,0,3
2475,ellyytkkk,0,12
2476,DrJitin,0,3
2477,Frigment,0,11
2478,SQuentavius,0,1
2479,saadahdabo,0,1214
2480,Vishakh91802628,0,0
2481,taelentaed,0,23
2482,octavia_kompi,0,238
2483,thearadhana,0,21
2484,Vivian_9627,0,1
2485,rabidnuisance,0,24
2486,CliffVukosi,0,60
2487,miny00nie1,0,39
2488,dakeryus,0,27
2489,snwflwrtete,16,1399
2490,TraWard_2,2,628
2491,EirikFrvikHanse,0,4
2492,beerile,0,47
2493,GUCCIJlMIN,32,2427
2494,PragyaMishra05,1,62
2495,mfin02,0,7
2496,mochified_,15,991
2497,entohypen,0,47
2498,terrikonny,0,0
2499,___elise07,0,31
2500,jjksbell,5,1791
2501,jrmooniee,1,443
2502,chailaiktyj,1,232
2503,bangtaniebreads,0,12
2504,vjhunjhunwala,0,19
2505,cxmzsw,0,4
2506,elpiczek,0,21
2507,rockbisonkth,0,14
2508,taramcbride15,0,1
2509,kookiecomforts,10,1925
2510,taeshuabesties,26,701
2511,HersphinxXBTS,2,289
2512,103sanaiqbal,2,352
2513,mylittlemochi5,5,422
2514,rina_isms,0,39
2515,StoreLush,0,3
2516,Anshika46599715,0,2
2517,JacobPoirier20,0,0
2518,zillah7478,23,327
2519,KUMARSATYAM007,0,38
2520,spideralex2099,0,24
2521,b_o_r_u_t_o_1,1,21
2522,shani50633688,0,1
2523,Pantoja84206707,0,11
2524,Sudarsh34056641,0,1
2525,rideshareuber2,0,3
2526,VelleMarie1,0,34
2527,RRodhlann,0,0
2528,arab2xxx,0,311
2529,WithLoveEmilyM,0,20
2530,syed25979847,0,2
2531,Serena77614749,0,0
2532,OfclRoseroyce,0,2
2533,anshuljojo,0,4
2534,MCHeamMusic,5,787
2535,Arjunc77,3,262
2536,char_charmed,33,2648
2537,Hannibal_Cons,19,219
2538,_starguise,1,12
2539,DwayneChapman,9,834
2540,ChainhoRenato,0,1
2541,ParkKatie13,0,40
2542,IStrain99,0,0
2543,simonleslie21,8,616
2544,beckynd97,0,21
2545,SkygirlChellie,0,6
2546,dacy_essex,44,936
2547,mrscheifcheese,0,17
2548,CVREENSWORLD,0,0
2549,sibcat_lj,0,3
2550,limerickblog,1,274
2551,LadislavGaspar,0,1
2552,ansi9980gmailc1,0,0
2553,kth_dualityking,3,80
2554,CEILedwithakiss,3,451
2555,KaityYasmin,16,2538
2556,ashxace0608,1,279
2557,thisisbenr,0,25
2558,andy_kastrati,4,755
2559,amitsharma1812,0,1
2560,LElkan,7991,15209
2561,SantosDuque954,0,7
2562,bharadwaz_r,0,1
2563,makaylabez,2,188
2564,EmmaNug94888315,0,4
2565,SarahGowrie,13,664
2566,whoppdagenious,3,715
2567,MayankDas2687,0,145
2568,vheywood,30,655
2569,taylr,32,1669
2570,Nezz911,4,658
2571,SumoMan_Ali,0,0
2572,NeoVonAxiom,0,4
2573,fayedicksonxo,0,213
2574,Iam_bahuguna,0,90
2575,ajb_neuk,0,3
2576,k_sovs,0,2
2577,MY0U1SANA,22,3946
